AnimalID,Age,Sex,GenoType,Strain,ExpName,Housing,LightCycle,PISiteUser,SessionName,Image,Image_Description,Analysis_Name,Schedule_Name,Max_Number_Trials,Max_Schedule_Time,Date_Time,BLANK TOUCH LATENCY _1,BLANK TOUCH LATENCY _2,BLANK TOUCH LATENCY _3,BLANK TOUCH LATENCY _4,BLANK TOUCH LATENCY _5,BLANK TOUCH LATENCY _6,BLANK TOUCH LATENCY _7,BLANK TOUCH LATENCY _8,BLANK TOUCH LATENCY _9,BLANK TOUCH LATENCY _10,BLANK TOUCH LATENCY _11,CORRECT CENTRE TOUCH LATENCY _1,CORRECT CENTRE TOUCH LATENCY _2,CORRECT CENTRE TOUCH LATENCY _3,CORRECT CENTRE TOUCH LATENCY _4,CORRECT CENTRE TOUCH LATENCY _5,CORRECT CENTRE TOUCH LATENCY _6,CORRECT CENTRE TOUCH LATENCY _7,CORRECT CENTRE TOUCH LATENCY _8,CORRECT CENTRE TOUCH LATENCY _9,CORRECT CENTRE TOUCH LATENCY _10,CORRECT CENTRE TOUCH LATENCY _11,CORRECT CENTRE TOUCH LATENCY _12,CORRECT CENTRE TOUCH LATENCY _13,CORRECT CENTRE TOUCH LATENCY _14,CORRECT CENTRE TOUCH LATENCY _15,CORRECT CENTRE TOUCH LATENCY _16,CORRECT CENTRE TOUCH LATENCY _17,CORRECT CENTRE TOUCH LATENCY _18,CORRECT CENTRE TOUCH LATENCY _19,CORRECT CENTRE TOUCH LATENCY _20,CORRECT CENTRE TOUCH LATENCY _21,CORRECT CENTRE TOUCH LATENCY _22,CORRECT CENTRE TOUCH LATENCY _23,CORRECT CENTRE TOUCH LATENCY _24,CORRECT CENTRE TOUCH LATENCY _25,CORRECT CENTRE TOUCH LATENCY _26,CORRECT CENTRE TOUCH LATENCY _27,CORRECT CENTRE TOUCH LATENCY _28,CORRECT CENTRE TOUCH LATENCY _29,CORRECT CENTRE TOUCH LATENCY _30,CORRECT REWARD COLLECTION _1,CORRECT REWARD COLLECTION _2,CORRECT REWARD COLLECTION _3,CORRECT REWARD COLLECTION _4,CORRECT REWARD COLLECTION _5,CORRECT REWARD COLLECTION _6,CORRECT REWARD COLLECTION _7,CORRECT REWARD COLLECTION _8,CORRECT REWARD COLLECTION _9,CORRECT REWARD COLLECTION _10,CORRECT REWARD COLLECTION _11,CORRECT REWARD COLLECTION _12,CORRECT REWARD COLLECTION _13,CORRECT REWARD COLLECTION _14,CORRECT REWARD COLLECTION _15,CORRECT REWARD COLLECTION _16,CORRECT REWARD COLLECTION _17,CORRECT REWARD COLLECTION _18,CORRECT REWARD COLLECTION _19,CORRECT REWARD COLLECTION _20,CORRECT REWARD COLLECTION _21,CORRECT REWARD COLLECTION _22,CORRECT REWARD COLLECTION _23,CORRECT REWARD COLLECTION _24,CORRECT REWARD COLLECTION _25,CORRECT REWARD COLLECTION _26,CORRECT REWARD COLLECTION _27,CORRECT REWARD COLLECTION _28,CORRECT REWARD COLLECTION _29,CORRECT REWARD COLLECTION _30,CORRECT TOUCH LATENCY _1,CORRECT TOUCH LATENCY _2,CORRECT TOUCH LATENCY _3,CORRECT TOUCH LATENCY _4,CORRECT TOUCH LATENCY _5,CORRECT TOUCH LATENCY _6,CORRECT TOUCH LATENCY _7,CORRECT TOUCH LATENCY _8,CORRECT TOUCH LATENCY _9,CORRECT TOUCH LATENCY _10,CORRECT TOUCH LATENCY _11,CORRECT TOUCH LATENCY _12,CORRECT TOUCH LATENCY _13,CORRECT TOUCH LATENCY _14,CORRECT TOUCH LATENCY _15,CORRECT TOUCH LATENCY _16,CORRECT TOUCH LATENCY _17,CORRECT TOUCH LATENCY _18,CORRECT TOUCH LATENCY _19,CORRECT TOUCH LATENCY _20,CORRECT TOUCH LATENCY _21,CORRECT TOUCH LATENCY _22,CORRECT TOUCH LATENCY _23,CORRECT TOUCH LATENCY _24,CORRECT TOUCH LATENCY _25,CORRECT TOUCH LATENCY _26,CORRECT TOUCH LATENCY _27,CORRECT TOUCH LATENCY _28,CORRECT TOUCH LATENCY _29,CORRECT TOUCH LATENCY _30,END SUMMARY - BLANK TOUCHES _1,END SUMMARY - CENTRE ITI TOUCHES _1,END SUMMARY - CONDITION _1,END SUMMARY - CORRECTS _1,END SUMMARY - LEFT ITI TOUCHES _1,END SUMMARY - OMISSIONS - OMISSION _1,END SUMMARY - RIGHT ITI TOUCHES _1,REWARD IR BREAKS - REWARD BEAM CNT _1,SCREEN IR BREAKS - SCREEN IR CNT _1,TRAY ENTERED - CNT _1,TRIAL ANALYSIS - CONDITION _1,TRIAL ANALYSIS - CONDITION _2,TRIAL ANALYSIS - CONDITION _3,TRIAL ANALYSIS - CONDITION _4,TRIAL ANALYSIS - CONDITION _5,TRIAL ANALYSIS - CONDITION _6,TRIAL ANALYSIS - CONDITION _7,TRIAL ANALYSIS - CONDITION _8,TRIAL ANALYSIS - CONDITION _9,TRIAL ANALYSIS - CONDITION _10,TRIAL ANALYSIS - CONDITION _11,TRIAL ANALYSIS - CONDITION _12,TRIAL ANALYSIS - CONDITION _13,TRIAL ANALYSIS - CONDITION _14,TRIAL ANALYSIS - CONDITION _15,TRIAL ANALYSIS - CONDITION _16,TRIAL ANALYSIS - CONDITION _17,TRIAL ANALYSIS - CONDITION _18,TRIAL ANALYSIS - CONDITION _19,TRIAL ANALYSIS - CONDITION _20,TRIAL ANALYSIS - CONDITION _21,TRIAL ANALYSIS - CONDITION _22,TRIAL ANALYSIS - CONDITION _23,TRIAL ANALYSIS - CONDITION _24,TRIAL ANALYSIS - CONDITION _25,TRIAL ANALYSIS - CONDITION _26,TRIAL ANALYSIS - CONDITION _27,TRIAL ANALYSIS - CONDITION _28,TRIAL ANALYSIS - CONDITION _29,TRIAL ANALYSIS - CONDITION _30,TRIAL ANALYSIS - CORRECT _1,TRIAL ANALYSIS - CORRECT _2,TRIAL ANALYSIS - CORRECT _3,TRIAL ANALYSIS - CORRECT _4,TRIAL ANALYSIS - CORRECT _5,TRIAL ANALYSIS - CORRECT _6,TRIAL ANALYSIS - CORRECT _7,TRIAL ANALYSIS - CORRECT _8,TRIAL ANALYSIS - CORRECT _9,TRIAL ANALYSIS - CORRECT _10,TRIAL ANALYSIS - CORRECT _11,TRIAL ANALYSIS - CORRECT _12,TRIAL ANALYSIS - CORRECT _13,TRIAL ANALYSIS - CORRECT _14,TRIAL ANALYSIS - CORRECT _15,TRIAL ANALYSIS - CORRECT _16,TRIAL ANALYSIS - CORRECT _17,TRIAL ANALYSIS - CORRECT _18,TRIAL ANALYSIS - CORRECT _19,TRIAL ANALYSIS - CORRECT _20,TRIAL ANALYSIS - CORRECT _21,TRIAL ANALYSIS - CORRECT _22,TRIAL ANALYSIS - CORRECT _23,TRIAL ANALYSIS - CORRECT _24,TRIAL ANALYSIS - CORRECT _25,TRIAL ANALYSIS - CORRECT _26,TRIAL ANALYSIS - CORRECT _27,TRIAL ANALYSIS - CORRECT _28,TRIAL ANALYSIS - CORRECT _29,TRIAL ANALYSIS - CORRECT _30,TRIAL ANALYSIS - OMISSIONS - OMISSION _1,TRIAL ANALYSIS - OMISSIONS - OMISSION _2,TRIAL ANALYSIS - OMISSIONS - OMISSION _3,TRIAL ANALYSIS - OMISSIONS - OMISSION _4,TRIAL ANALYSIS - OMISSIONS - OMISSION _5,TRIAL ANALYSIS - OMISSIONS - OMISSION _6,TRIAL ANALYSIS - OMISSIONS - OMISSION _7,TRIAL ANALYSIS - OMISSIONS - OMISSION _8,TRIAL ANALYSIS - OMISSIONS - OMISSION _9,TRIAL ANALYSIS - OMISSIONS - OMISSION _10,TRIAL ANALYSIS - OMISSIONS - OMISSION _11,TRIAL ANALYSIS - OMISSIONS - OMISSION _12,TRIAL ANALYSIS - OMISSIONS - OMISSION _13,TRIAL ANALYSIS - OMISSIONS - OMISSION _14,TRIAL ANALYSIS - OMISSIONS - OMISSION _15,TRIAL ANALYSIS - OMISSIONS - OMISSION _16,TRIAL ANALYSIS - OMISSIONS - OMISSION _17,TRIAL ANALYSIS - OMISSIONS - OMISSION _18,TRIAL ANALYSIS - OMISSIONS - OMISSION _19,TRIAL ANALYSIS - OMISSIONS - OMISSION _20,TRIAL ANALYSIS - OMISSIONS - OMISSION _21,TRIAL ANALYSIS - OMISSIONS - OMISSION _22,TRIAL ANALYSIS - OMISSIONS - OMISSION _23,TRIAL ANALYSIS - OMISSIONS - OMISSION _24,TRIAL ANALYSIS - OMISSIONS - OMISSION _25,TRIAL ANALYSIS - OMISSIONS - OMISSION _26,TRIAL ANALYSIS - OMISSIONS - OMISSION _27,TRIAL ANALYSIS - OMISSIONS - OMISSION _28,TRIAL ANALYSIS - OMISSIONS - OMISSION _29,TRIAL ANALYSIS - OMISSIONS - OMISSION _30,TRIAL ANALYSIS - TIME _1,TRIAL ANALYSIS - TIME _2,TRIAL ANALYSIS - TIME _3,TRIAL ANALYSIS - TIME _4,TRIAL ANALYSIS - TIME _5,TRIAL ANALYSIS - TIME _6,TRIAL ANALYSIS - TIME _7,TRIAL ANALYSIS - TIME _8,TRIAL ANALYSIS - TIME _9,TRIAL ANALYSIS - TIME _10,TRIAL ANALYSIS - TIME _11,TRIAL ANALYSIS - TIME _12,TRIAL ANALYSIS - TIME _13,TRIAL ANALYSIS - TIME _14,TRIAL ANALYSIS - TIME _15,TRIAL ANALYSIS - TIME _16,TRIAL ANALYSIS - TIME _17,TRIAL ANALYSIS - TIME _18,TRIAL ANALYSIS - TIME _19,TRIAL ANALYSIS - TIME _20,TRIAL ANALYSIS - TIME _21,TRIAL ANALYSIS - TIME _22,TRIAL ANALYSIS - TIME _23,TRIAL ANALYSIS - TIME _24,TRIAL ANALYSIS - TIME _25,TRIAL ANALYSIS - TIME _26,TRIAL ANALYSIS - TIME _27,TRIAL ANALYSIS - TIME _28,TRIAL ANALYSIS - TIME _29,TRIAL ANALYSIS - TIME _30,BLANK TOUCH LATENCY _12,BLANK TOUCH LATENCY _13,BLANK TOUCH LATENCY _14,BLANK TOUCH LATENCY _15
EnF121m4,11_13     ,m,VAChT^flox/flox,VAChT^En1-Cre-flox/flox,OK_En1CreVAChTfx_Extinction,Single-housed,Diurnal light cycle,Dr. Marco Prado - Robarts Research Institute - Ornela-Kljakic,Extinction_Training,,,Extinction Touch - Helena - DP,EXTINCTION TRAIN,30,750,2015-09-04 2:43:36 PM,1.908,2.302,2.348,5.517,1.46,0.003,4.794,1.035,0.444,1.461,0.058,49.217,6.502,2.613,3.001,6.749,3.354,1.397,6.786,2.138,3.346,3.436,1.742,0.2,2.772,0.602,1.01,1.828,3.907,4.716,3.884,1.334,1.868,2.381,1.929,1.676,1.954,9.23,1.824,3.45,1.807,0.951,1.465,1.045,0.855,0.821,1.047,0.843,1.105,0.882,1.052,1.04,1.155,1.341,2.281,3.51,1.189,0.809,1.691,0.926,1.259,0.955,0.736,1.145,0.969,0.938,1.016,0.846,0.943,1.096,0.719,49.217,6.502,2.613,3.001,6.749,3.354,1.397,6.786,2.138,3.346,3.436,1.742,0.2,2.772,0.602,1.01,1.828,3.907,4.716,3.884,1.334,1.868,2.381,1.929,1.676,1.954,9.23,1.824,3.45,1.807,26,0,326.385,30,1,0,1,38,126,33,60.201,73.17,81.83,90.687,103.259,112.662,119.904,132.797,140.819,150.218,159.697,167.595,174.139,184.193,193.308,200.511,208.151,218.751,229.395,239.542,246.832,254.438,262.966,270.868,278.485,286.457,301.538,309.308,318.856,326.385,1,1,1,1,1,1,1,1,1,1,1,1,1,1,1,1,1,1,1,1,1,1,1,1,1,1,1,1,1,1,0,0,0,0,0,0,0,0,0,0,0,0,0,0,0,0,0,0,0,0,0,0,0,0,0,0,0,0,0,0,60.201,73.17,81.83,90.687,103.259,112.662,119.904,132.797,140.819,150.218,159.697,167.595,174.139,184.193,193.308,200.511,208.151,218.751,229.395,239.542,246.832,254.438,262.966,270.868,278.485,286.457,301.538,309.308,318.856,326.385,,,,
EnF121m4,11_13     ,m,VAChT^flox/flox,VAChT^En1-Cre-flox/flox,OK_En1CreVAChTfx_Extinction,Single-housed,Diurnal light cycle,Dr. Marco Prado - Robarts Research Institute - Ornela-Kljakic,Extinction_Training,,,Extinction Touch - Helena - DP,EXTINCTION TRAIN,30,750,2015-09-03 3:40:30 PM,6.712,3.897,3.398,0.85,0.417,0.098,1.294,0.913,,,,11.061,8.328,18.158,1.8,5.32,1.332,6.255,1.055,0.672,2.483,7.577,1.074,3.737,1.392,2.243,7.034,1.77,4.941,2.109,0.732,1.033,2.631,1.04,0.674,0.174,0.999,0.153,1.747,1.133,11.59,0.888,0.995,0.911,0.799,0.809,0.724,1.218,0.734,0.768,0.788,0.723,0.947,0.887,1.009,0.869,1.179,0.901,0.737,1.046,0.924,1.57,0.874,0.906,0.905,0.892,1.088,1.508,0.941,0.976,0.984,11.061,8.328,18.158,1.8,5.32,1.332,6.255,1.055,0.672,2.483,7.577,1.074,3.737,1.392,2.243,7.034,1.77,4.941,2.109,0.732,1.033,2.631,1.04,0.674,0.174,0.999,0.153,1.747,1.133,11.59,15,2,293.904,30,6,0,1,38,97,35,22.067,36.391,60.461,68.061,79.192,86.249,98.723,105.513,111.955,120.227,133.528,140.551,150.176,157.578,165.693,178.908,186.58,197.259,205.416,212.073,219.677,228.184,235.131,241.711,247.779,254.867,261.529,269.219,276.329,293.904,1,1,1,1,1,1,1,1,1,1,1,1,1,1,1,1,1,1,1,1,1,1,1,1,1,1,1,1,1,1,0,0,0,0,0,0,0,0,0,0,0,0,0,0,0,0,0,0,0,0,0,0,0,0,0,0,0,0,0,0,22.067,36.391,60.461,68.061,79.192,86.249,98.723,105.513,111.955,120.227,133.528,140.551,150.176,157.578,165.693,178.908,186.58,197.259,205.416,212.073,219.677,228.184,235.131,241.711,247.779,254.867,261.529,269.219,276.329,293.904,,,,
EnF121m4,11_13     ,m,VAChT^flox/flox,VAChT^En1-Cre-flox/flox,OK_En1CreVAChTfx_Extinction,Single-housed,Diurnal light cycle,Dr. Marco Prado - Robarts Research Institute - Ornela-Kljakic,Extinction_Training,,,Extinction Touch - Helena - DP,EXTINCTION TRAIN,30,750,2015-09-02 3:58:37 PM,30.522,2.208,0.576,2.833,0.175,0.964,,,,,,31.02,15.156,4.336,8.303,3.888,8.862,1.044,1.025,5.051,1.342,0.525,1.806,0.752,0.884,1.029,1.088,1.844,0.72,0.498,0.896,1.878,2.087,3.138,1.862,1.324,1.887,2.148,1.932,1.526,3.367,0.806,0.963,0.834,0.717,0.905,1.102,0.768,0.858,1.377,0.724,0.937,0.933,0.798,0.868,0.744,1.023,0.875,0.937,0.991,0.918,1.226,1.049,1.004,0.73,0.792,1.311,1.02,0.906,0.805,1.006,31.02,15.156,4.336,8.303,3.888,8.862,1.044,1.025,5.051,1.342,0.525,1.806,0.752,0.884,1.029,1.088,1.844,0.72,0.498,0.896,1.878,2.087,3.138,1.862,1.324,1.887,2.148,1.932,1.526,3.367,12,1,299.105,30,1,0,3,40,108,31,41.946,63.066,73.238,87.26,97.054,112.194,123.577,130.462,141.891,148.958,155.422,163.162,169.713,176.467,183.241,190.353,198.074,204.733,211.223,218.038,226.144,234.281,243.424,251.017,258.134,266.334,274.504,282.399,289.731,299.105,1,1,1,1,1,1,1,1,1,1,1,1,1,1,1,1,1,1,1,1,1,1,1,1,1,1,1,1,1,1,0,0,0,0,0,0,0,0,0,0,0,0,0,0,0,0,0,0,0,0,0,0,0,0,0,0,0,0,0,0,41.946,63.066,73.238,87.26,97.054,112.194,123.577,130.462,141.891,148.958,155.422,163.162,169.713,176.467,183.241,190.353,198.074,204.733,211.223,218.038,226.144,234.281,243.424,251.017,258.134,266.334,274.504,282.399,289.731,299.105,,,,
EnF121m4,11_13     ,m,VAChT^flox/flox,VAChT^En1-Cre-flox/flox,OK_En1CreVAChTfx_Extinction,Single-housed,Diurnal light cycle,Dr. Marco Prado - Robarts Research Institute - Ornela-Kljakic,Extinction_Training,,,Extinction Touch - Helena - DP,EXTINCTION TRAIN,30,750,2015-09-01 2:55:10 PM,6.074,1.869,0.846,1.734,0.762,0.56,1.04,3.089,4.353,1.398,1.504,3.519,25.945,0.776,17.468,1.714,2.78,6.585,8.851,2.137,2.322,1.106,2.934,1.919,1.55,2.93,1.205,0.821,1.258,2.471,1.976,6.176,1.665,2.013,5.788,1.901,1.767,2.409,1.942,2.546,1.683,5.09,0.957,1.007,1.169,1.276,0.827,0.856,1.328,0.947,0.908,1.172,0.938,0.885,0.923,1.045,0.916,0.933,1.08,1.048,0.914,1.012,0.999,1.131,0.887,1.051,1.172,0.811,0.903,2.125,0.874,3.519,25.945,0.776,17.468,1.714,2.78,6.585,8.851,2.137,2.322,1.106,2.934,1.919,1.55,2.93,1.205,0.821,1.258,2.471,1.976,6.176,1.665,2.013,5.788,1.901,1.767,2.409,1.942,2.546,1.683,26,0,309.307,30,0,0,4,38,93,33,18.641,50.545,57.33,80.968,88.962,97.57,110.013,125.193,134.159,142.392,149.671,158.545,166.35,173.824,182.801,189.923,196.679,204.019,212.541,220.433,232.622,240.288,248.434,260.11,268.063,276.003,284.225,292.075,301.748,309.307,1,1,1,1,1,1,1,1,1,1,1,1,1,1,1,1,1,1,1,1,1,1,1,1,1,1,1,1,1,1,0,0,0,0,0,0,0,0,0,0,0,0,0,0,0,0,0,0,0,0,0,0,0,0,0,0,0,0,0,0,18.641,50.545,57.33,80.968,88.962,97.57,110.013,125.193,134.159,142.392,149.671,158.545,166.35,173.824,182.801,189.923,196.679,204.019,212.541,220.433,232.622,240.288,248.434,260.11,268.063,276.003,284.225,292.075,301.748,309.307,,,,
EnF121m4,11_13     ,m,VAChT^flox/flox,VAChT^En1-Cre-flox/flox,OK_En1CreVAChTfx_Extinction,Single-housed,Diurnal light cycle,Dr. Marco Prado - Robarts Research Institute - Ornela-Kljakic,Extinction_Training,,,Extinction Touch - Helena - DP,EXTINCTION TRAIN,30,750,2015-08-31 3:10:51 PM,0.842,6,9.114,0.949,1.88,0.241,1.957,0.324,1.215,3.397,2.065,72.811,15.365,19.561,8.599,16.404,11.385,1.367,6.622,8.219,1.598,8.226,1.409,0.69,2.262,0.922,4.355,0.679,1.094,0.718,4.797,2.902,1.508,4.367,0.683,1.314,3.58,1.675,1.007,2.547,1.601,1.135,0.97,9.076,0.965,0.863,1.199,1.146,1.871,0.892,5.915,0.946,0.878,2.051,0.992,1.188,1.173,1.24,2.188,1.051,1.129,0.916,0.949,0.863,1.238,1.164,0.958,0.945,0.884,0.905,2.851,72.811,15.365,19.561,8.599,16.404,11.385,1.367,6.622,8.219,1.598,8.226,1.409,0.69,2.262,0.922,4.355,0.679,1.094,0.718,4.797,2.902,1.508,4.367,0.683,1.314,3.58,1.675,1.007,2.547,1.601,31,1,414.602,30,3,0,2,43,118,44,83.985,105.323,138.961,153.528,175.798,193.384,200.9,214.396,228.511,241.028,255.202,262.492,270.235,278.492,285.605,296.135,303.057,311.342,318.113,329.041,337.862,345.323,355.555,362.477,369.959,379.499,387.122,394.016,402.47,414.602,1,1,1,1,1,1,1,1,1,1,1,1,1,1,1,1,1,1,1,1,1,1,1,1,1,1,1,1,1,1,0,0,0,0,0,0,0,0,0,0,0,0,0,0,0,0,0,0,0,0,0,0,0,0,0,0,0,0,0,0,83.985,105.323,138.961,153.528,175.798,193.384,200.9,214.396,228.511,241.028,255.202,262.492,270.235,278.492,285.605,296.135,303.057,311.342,318.113,329.041,337.862,345.323,355.555,362.477,369.959,379.499,387.122,394.016,402.47,414.602,,,,
EnF118m6,11_13     ,m, VAChT^En1-Cre-flox/flox,VAChT^En1-Cre-flox/flox,OK_En1CreVAChTfx_Extinction,Single-housed,Diurnal light cycle,Dr. Marco Prado - Robarts Research Institute - Ornela-Kljakic,Extinction_Training,,,Extinction Touch - Helena - DP,EXTINCTION TRAIN,30,750,2015-08-21 3:10:10 PM,7.598,1.865,,,,,,,,,,2.911,52.988,3.176,0.666,0.673,1.303,1.221,0.358,0.285,1.094,1.755,2.087,1.197,1.031,0.61,0.787,0.458,0.669,0.347,0.764,2.039,0.346,0.365,2.012,6.077,0.938,1.864,1.775,1.766,0.437,7.469,5.316,1.088,0.938,0.91,1.096,1.11,1.257,1.194,1.001,0.943,1.012,1.443,1.122,2.065,2.689,0.936,1.08,1.076,4.443,1.315,0.997,1.195,1.061,1.095,1.001,1.098,0.886,1.047,8.841,2.911,52.988,3.176,0.666,0.673,1.303,1.221,0.358,0.285,1.094,1.755,2.087,1.197,1.031,0.61,0.787,0.458,0.669,0.347,0.764,2.039,0.346,0.365,2.012,6.077,0.938,1.864,1.775,1.766,0.437,5,0,303.849,30,0,0,0,43,74,38,20.42,83.725,92.993,99.6,106.185,113.587,120.922,127.539,134.022,141.119,148.82,156.923,164.565,171.721,179.399,187.877,194.274,201.027,207.452,217.662,226.019,232.365,238.929,247.005,259.18,266.122,274.087,281.751,289.567,303.849,1,1,1,1,1,1,1,1,1,1,1,1,1,1,1,1,1,1,1,1,1,1,1,1,1,1,1,1,1,1,0,0,0,0,0,0,0,0,0,0,0,0,0,0,0,0,0,0,0,0,0,0,0,0,0,0,0,0,0,0,20.42,83.725,92.993,99.6,106.185,113.587,120.922,127.539,134.022,141.119,148.82,156.923,164.565,171.721,179.399,187.877,194.274,201.027,207.452,217.662,226.019,232.365,238.929,247.005,259.18,266.122,274.087,281.751,289.567,303.849,,,,
EnF121m6,11_13     ,m, VAChT^En1-Cre-flox/flox,VAChT^En1-Cre-flox/flox,OK_En1CreVAChTfx_Extinction,Single-housed,Diurnal light cycle,Dr. Marco Prado - Robarts Research Institute - Ornela-Kljakic,Extinction_Training,,,Extinction Touch - Helena - DP,EXTINCTION TRAIN,30,750,2015-08-17 2:09:14 PM,2.432,1.504,14.713,9.645,4.146,5.076,3.967,4.922,16.44,1.438,3.958,48.05,10.088,3.605,7.657,7.225,4.578,4.67,71.191,18.727,14.521,11.597,11.184,10.2,10.375,9.398,24.821,12.403,6.726,9.86,14.02,6.961,20.827,57.709,26.454,9.183,15.53,9.976,15.012,19.914,1.971,32.028,1.524,1.327,1.571,1.208,2.366,0.982,1.11,1.28,1.169,1.421,1.071,1.192,1.203,1.106,1.286,3.323,1.312,1.164,1.349,0.981,1.757,1.698,1.041,1.328,1.157,1.049,1.131,1.132,0.953,48.05,10.088,3.605,7.657,7.225,4.578,4.67,71.191,18.727,14.521,11.597,11.184,10.2,10.375,9.398,24.821,12.403,6.726,9.86,14.02,6.961,20.827,57.709,26.454,9.183,15.53,9.976,15.012,19.914,1.971,51,0,720.752,30,0,0,1,48,222,44,90.15,106.763,116.696,130.925,144.359,156.304,166.957,244.259,269.267,289.958,307.977,325.233,341.626,358.205,373.709,404.817,425.545,438.584,454.608,474.978,487.92,515.505,579.913,612.409,627.921,649.609,665.635,686.779,712.826,720.752,1,1,1,1,1,1,1,1,1,1,1,1,1,1,1,1,1,1,1,1,1,1,1,1,1,1,1,1,1,1,0,0,0,0,0,0,0,0,0,0,0,0,0,0,0,0,0,0,0,0,0,0,0,0,0,0,0,0,0,0,90.15,106.763,116.696,130.925,144.359,156.304,166.957,244.259,269.267,289.958,307.977,325.233,341.626,358.205,373.709,404.817,425.545,438.584,454.608,474.978,487.92,515.505,579.913,612.409,627.921,649.609,665.635,686.779,712.826,720.752,1.399,11.647,1.401,8.67
EnF126m2,11_13     ,m,VAChT^flox/flox,VAChT^En1-Cre-flox/flox,OK_En1CreVAChTfx_Extinction,Single-housed,Diurnal light cycle,Dr. Marco Prado - Robarts Research Institute - Ornela-Kljakic,Extinction_Training,,,Extinction Touch - Helena - DP,EXTINCTION TRAIN,30,750,2015-08-17 2:08:38 PM,16.381,7.461,0.383,,,,,,,,,72.462,23.015,22.549,34.857,0.825,1.357,5.499,8.604,12.165,7.599,38.834,1.292,2.651,4.65,1.334,3.664,0.953,0.723,0.932,0.446,0.755,2.09,1.042,0.793,2.105,0.777,0.81,1.376,5.382,0.724,1.424,0.994,1.115,0.984,0.822,0.979,0.884,1.149,1.922,0.945,0.884,1.182,0.925,1.112,1.183,0.951,1.213,1.361,1.086,0.873,0.996,1.304,1.225,0.942,1.12,2.714,2.124,0.872,1.172,0.954,72.462,23.015,22.549,34.857,0.825,1.357,5.499,8.604,12.165,7.599,38.834,1.292,2.651,4.65,1.334,3.664,0.953,0.723,0.932,0.446,0.755,2.09,1.042,0.793,2.105,0.777,0.81,1.376,5.382,0.724,9,0,450.73,30,0,0,0,83,92,48,83.916,112.926,141.591,182.432,189.081,196.418,207.802,222.556,241.643,255.189,299.907,307.383,315.959,326.722,334.239,343.855,351.022,358.106,365.126,371.446,378.197,386.593,393.86,400.596,408.822,417.314,425.249,432.497,444.052,450.73,1,1,1,1,1,1,1,1,1,1,1,1,1,1,1,1,1,1,1,1,1,1,1,1,1,1,1,1,1,1,0,0,0,0,0,0,0,0,0,0,0,0,0,0,0,0,0,0,0,0,0,0,0,0,0,0,0,0,0,0,83.916,112.926,141.591,182.432,189.081,196.418,207.802,222.556,241.643,255.189,299.907,307.383,315.959,326.722,334.239,343.855,351.022,358.106,365.126,371.446,378.197,386.593,393.86,400.596,408.822,417.314,425.249,432.497,444.052,450.73,,,,
EnF121m6,11_13     ,m, VAChT^En1-Cre-flox/flox,VAChT^En1-Cre-flox/flox,OK_En1CreVAChTfx_Extinction,Single-housed,Diurnal light cycle,Dr. Marco Prado - Robarts Research Institute - Ornela-Kljakic,Extinction_Training,,,Extinction Touch - Helena - DP,EXTINCTION TRAIN,30,750,2015-08-20 3:13:23 PM,39.603,1.073,0.071,3.648,0.942,0.655,0.289,0.451,0.048,,,81.942,1.064,0.843,0.44,0.762,0.549,0.219,1.393,0.051,0.256,1.727,0.221,0.327,0.231,1.258,0.662,0.524,1.049,5.114,5.106,0.536,1.541,1.844,1.184,3.577,2.768,0.052,0.455,0.848,0.716,1.049,1.073,1.15,0.972,1.073,1.087,1.112,0.957,1.031,0.956,1.088,1.059,5.03,1.103,1.042,1.051,1.15,1.676,1.457,1.185,2.985,0.941,1.054,1.512,1.349,1.109,1.811,1.128,1.632,1.057,81.942,1.064,0.843,0.44,0.762,0.549,0.219,1.393,0.051,0.256,1.727,0.221,0.327,0.231,1.258,0.662,0.524,1.049,5.114,5.106,0.536,1.541,1.844,1.184,3.577,2.768,0.052,0.455,0.848,0.716,21,9,313.248,30,0,0,1,36,87,36,93.051,100.189,107.184,113.597,120.433,127.07,133.402,140.754,146.837,153.05,160.867,167.148,177.506,183.86,191.161,197.875,204.551,212.277,223.849,235.141,243.663,251.146,259.045,266.742,276.668,285.546,292.41,298.994,306.475,313.248,1,1,1,1,1,1,1,1,1,1,1,1,1,1,1,1,1,1,1,1,1,1,1,1,1,1,1,1,1,1,0,0,0,0,0,0,0,0,0,0,0,0,0,0,0,0,0,0,0,0,0,0,0,0,0,0,0,0,0,0,93.051,100.189,107.184,113.597,120.433,127.07,133.402,140.754,146.837,153.05,160.867,167.148,177.506,183.86,191.161,197.875,204.551,212.277,223.849,235.141,243.663,251.146,259.045,266.742,276.668,285.546,292.41,298.994,306.475,313.248,,,,
EnF126m2,11_13     ,m,VAChT^flox/flox,VAChT^En1-Cre-flox/flox,OK_En1CreVAChTfx_Extinction,Single-housed,Diurnal light cycle,Dr. Marco Prado - Robarts Research Institute - Ornela-Kljakic,Extinction_Training,,,Extinction Touch - Helena - DP,EXTINCTION TRAIN,30,750,2015-08-20 3:12:49 PM,17.087,14.723,2.261,4.457,1.435,1.039,0.663,0.338,0.21,,,26.753,46.758,3.735,4.55,3.359,7.495,0.791,3.14,4.302,0.316,0.596,0.833,3.551,5.724,3.386,1.217,0.946,0.921,1.27,0.565,0.634,1.103,3.333,4.82,1.576,6.667,2.387,0.502,6.117,4.426,2.075,1.349,0.823,1.187,0.867,1.886,1.476,0.941,1.207,1.257,0.85,1.452,1.796,1.725,0.97,1.867,1.281,1.104,1.002,0.93,1.273,1.941,1.59,0.921,0.883,0.904,1.01,0.877,1.725,0.973,26.753,46.758,3.735,4.55,3.359,7.495,0.791,3.14,4.302,0.316,0.596,0.833,3.551,5.724,3.386,1.217,0.946,0.921,1.27,0.565,0.634,1.103,3.333,4.82,1.576,6.667,2.387,0.502,6.117,4.426,11,2,344.991,30,7,0,1,27,110,37,38.873,91.981,101.54,112.278,121.504,135.887,143.155,152.237,162.747,169.321,175.768,183.054,193.402,205.852,215.208,223.293,230.521,237.546,244.82,251.316,258.224,266.269,276.192,286.935,294.394,306.966,315.368,321.748,334.59,344.991,1,1,1,1,1,1,1,1,1,1,1,1,1,1,1,1,1,1,1,1,1,1,1,1,1,1,1,1,1,1,0,0,0,0,0,0,0,0,0,0,0,0,0,0,0,0,0,0,0,0,0,0,0,0,0,0,0,0,0,0,38.873,91.981,101.54,112.278,121.504,135.887,143.155,152.237,162.747,169.321,175.768,183.054,193.402,205.852,215.208,223.293,230.521,237.546,244.82,251.316,258.224,266.269,276.192,286.935,294.394,306.966,315.368,321.748,334.59,344.991,,,,
EnF121m6,11_13     ,m, VAChT^En1-Cre-flox/flox,VAChT^En1-Cre-flox/flox,OK_En1CreVAChTfx_Extinction,Single-housed,Diurnal light cycle,Dr. Marco Prado - Robarts Research Institute - Ornela-Kljakic,Extinction_Training,,,Extinction Touch - Helena - DP,EXTINCTION TRAIN,30,750,2015-08-19 2:48:19 PM,9.827,3.064,0.309,0.21,0.595,0.119,1.147,0.001,2.73,,,79.05,3.085,1.328,0.671,1.514,1.506,0.718,1.067,0.511,0.338,0.759,8.746,8.927,1.068,6.469,0.267,2.628,0.924,2.297,0.053,0.803,0.205,1.711,0.885,3.068,3.401,28.22,0.95,8.446,3.773,1.502,2.051,1.514,1.3,1.23,1.694,1.201,1.174,1.284,1.142,1.019,1.215,1.243,1.027,0.986,1.258,1.123,1.014,1.086,0.954,0.969,1.146,0.947,0.938,1.561,1.64,2.484,2.251,1,2.008,79.05,3.085,1.328,0.671,1.514,1.506,0.718,1.067,0.511,0.338,0.759,8.746,8.927,1.068,6.469,0.267,2.628,0.924,2.297,0.053,0.803,0.205,1.711,0.885,3.068,3.401,28.22,0.95,8.446,3.773,30,0,368.397,30,2,0,4,37,104,32,90.575,100.712,108.555,115.527,123.272,131.473,138.392,145.635,152.431,158.912,165.691,180.653,195.823,202.919,215.374,221.9,230.651,237.59,245.974,251.982,258.755,265.107,272.765,279.589,289.219,299.261,334.966,343.168,357.615,368.397,1,1,1,1,1,1,1,1,1,1,1,1,1,1,1,1,1,1,1,1,1,1,1,1,1,1,1,1,1,1,0,0,0,0,0,0,0,0,0,0,0,0,0,0,0,0,0,0,0,0,0,0,0,0,0,0,0,0,0,0,90.575,100.712,108.555,115.527,123.272,131.473,138.392,145.635,152.431,158.912,165.691,180.653,195.823,202.919,215.374,221.9,230.651,237.59,245.974,251.982,258.755,265.107,272.765,279.589,289.219,299.261,334.966,343.168,357.615,368.397,,,,
EnF126m2,11_13     ,m,VAChT^flox/flox,VAChT^En1-Cre-flox/flox,OK_En1CreVAChTfx_Extinction,Single-housed,Diurnal light cycle,Dr. Marco Prado - Robarts Research Institute - Ornela-Kljakic,Extinction_Training,,,Extinction Touch - Helena - DP,EXTINCTION TRAIN,30,750,2015-08-19 2:47:39 PM,4.234,1.066,2.607,1.596,8.439,4.889,28.244,,,,,66.348,2.388,12.184,3.465,42.099,2.366,18.797,9.74,1.109,30.736,8.302,0.753,2.945,0.809,11.908,54.755,37.276,1.35,4.468,8.174,2.77,57.124,16.771,16.519,1.568,2.052,0.921,34.443,5.447,7.31,0.878,1.018,1.256,0.851,0.946,0.987,0.866,1.071,0.993,1.119,0.879,0.911,1.066,0.865,1.28,18.358,0.88,0.829,1.628,0.951,0.824,1.002,1.04,3.019,0.978,1.234,0.963,1.034,1.132,1.71,66.348,2.388,12.184,3.465,42.099,2.366,18.797,9.74,1.109,30.736,8.302,0.753,2.945,0.809,11.908,54.755,37.276,1.35,4.468,8.174,2.77,57.124,16.771,16.519,1.568,2.052,0.921,34.443,5.447,7.31,22,0,670.516,30,1,0,0,115,172,55,77.246,85.653,104.094,113.411,161.457,169.811,194.475,210.287,217.389,254.245,268.427,275.091,284.103,290.778,308.967,387.081,430.238,437.418,448.514,462.64,471.235,534.362,557.175,581.714,589.262,597.55,604.436,644.914,656.495,670.516,1,1,1,1,1,1,1,1,1,1,1,1,1,1,1,1,1,1,1,1,1,1,1,1,1,1,1,1,1,1,0,0,0,0,0,0,0,0,0,0,0,0,0,0,0,0,0,0,0,0,0,0,0,0,0,0,0,0,0,0,77.246,85.653,104.094,113.411,161.457,169.811,194.475,210.287,217.389,254.245,268.427,275.091,284.103,290.778,308.967,387.081,430.238,437.418,448.514,462.64,471.235,534.362,557.175,581.714,589.262,597.55,604.436,644.914,656.495,670.516,,,,
EnF121m6,11_13     ,m, VAChT^En1-Cre-flox/flox,VAChT^En1-Cre-flox/flox,OK_En1CreVAChTfx_Extinction,Single-housed,Diurnal light cycle,Dr. Marco Prado - Robarts Research Institute - Ornela-Kljakic,Extinction_Training,,,Extinction Touch - Helena - DP,EXTINCTION TRAIN,30,750,2015-08-18 3:08:52 PM,6.037,6.791,3.553,7.887,8.473,6.83,7.217,2.773,6.406,8.576,9.988,11.165,101.497,9.466,10.334,7.561,4.909,1.689,8.431,16.664,33.675,15.85,2.252,1.732,26.1,19.787,7.816,14.667,5.522,14.885,17.72,8.317,6.661,65.805,3.163,12.802,26.842,2.931,3.381,4.037,2.107,2.647,3.168,1.029,3.045,1.291,1.024,0.86,1.217,1.167,2.176,1.187,1.067,1.044,0.925,1.072,1.158,1.776,0.937,0.915,1.255,0.916,1.212,1.016,1.173,1.73,1.064,1.045,1.035,0.92,2.061,11.165,101.497,9.466,10.334,7.561,4.909,1.689,8.431,16.664,33.675,15.85,2.252,1.732,26.1,19.787,7.816,14.667,5.522,14.885,17.72,8.317,6.661,65.805,3.163,12.802,26.842,2.931,3.381,4.037,2.107,61,0,663.943,30,1,0,0,45,193,34,23.831,133.496,148.992,167.372,181.225,192.159,199.709,214.358,237.19,278.042,300.08,308.4,316.177,348.203,374.063,388.038,409.482,420.941,441.742,465.718,479.951,492.825,564.647,573.984,593.517,626.424,635.4,644.817,654.774,663.943,1,1,1,1,1,1,1,1,1,1,1,1,1,1,1,1,1,1,1,1,1,1,1,1,1,1,1,1,1,1,0,0,0,0,0,0,0,0,0,0,0,0,0,0,0,0,0,0,0,0,0,0,0,0,0,0,0,0,0,0,23.831,133.496,148.992,167.372,181.225,192.159,199.709,214.358,237.19,278.042,300.08,308.4,316.177,348.203,374.063,388.038,409.482,420.941,441.742,465.718,479.951,492.825,564.647,573.984,593.517,626.424,635.4,644.817,654.774,663.943,2.85,38.512,,
EnF126m2,11_13     ,m,VAChT^flox/flox,VAChT^En1-Cre-flox/flox,OK_En1CreVAChTfx_Extinction,Single-housed,Diurnal light cycle,Dr. Marco Prado - Robarts Research Institute - Ornela-Kljakic,Extinction_Training,,,Extinction Touch - Helena - DP,EXTINCTION TRAIN,30,750,2015-08-18 3:08:13 PM,2.062,6.462,2.307,3.556,1.348,1.03,1.62,4.545,11.962,,,5.955,11.34,9.087,9.286,4.733,17.521,7.15,4.236,1.046,24.807,4.971,55.521,1.806,1.626,2.753,2.23,5.502,6.571,1.004,2.706,4.103,4.421,2.019,3.728,1.06,1.344,7.12,117.97,6.741,2.089,1.092,1.347,0.861,0.975,0.982,1.793,0.87,1.614,0.723,0.923,0.833,0.852,1.131,0.792,1.102,0.735,2.749,0.758,1.16,0.852,1.743,2.328,1.379,1.025,1.721,0.733,1.22,0.904,0.937,0.969,5.955,11.34,9.087,9.286,4.733,17.521,7.15,4.236,1.046,24.807,4.971,55.521,1.806,1.626,2.753,2.23,5.502,6.571,1.004,2.706,4.103,4.421,2.019,3.728,1.06,1.344,7.12,117.97,6.741,2.089,15,0,526.368,30,3,0,0,119,146,55,17.068,34.756,49.708,64.976,75.692,100.007,113.028,123.88,130.65,161.381,172.187,233.561,241.499,248.918,257.774,265.758,279.01,291.34,298.505,307.064,317.911,329.661,338.06,347.814,355.596,362.674,381.666,505.541,518.22,526.334,1,1,1,1,1,1,1,1,1,1,1,1,1,1,1,1,1,1,1,1,1,1,1,1,1,1,1,1,1,1,0,0,0,0,0,0,0,0,0,0,0,0,0,0,0,0,0,0,0,0,0,0,0,0,0,0,0,0,0,0,17.068,34.756,49.708,64.976,75.692,100.007,113.028,123.88,130.65,161.381,172.187,233.561,241.499,248.918,257.774,265.758,279.01,291.34,298.505,307.064,317.911,329.661,338.06,347.814,355.596,362.674,381.666,505.541,518.22,526.334,,,,
EnF121m5,11_13     ,m, VAChT^En1-Cre-flox/flox,VAChT^En1-Cre-flox/flox,OK_En1CreVAChTfx_Extinction,Single-housed,Diurnal light cycle,Dr. Marco Prado - Robarts Research Institute - Ornela-Kljakic,Extinction_Training,,,Extinction Touch - Helena - DP,EXTINCTION TRAIN,30,750,2015-07-23 2:06:36 PM,6.149,5.427,1.562,,,,,,,,,1.102,23.823,11.219,1.859,1.116,0.832,0.753,0.72,3.486,0.629,0.605,0.86,0.613,1.998,0.844,1.762,0.426,0.518,0.708,0.949,0.898,1.354,1.131,0.549,0.417,0.034,0.59,1.159,0.709,0.4,1.363,0.914,1.119,1.085,1.044,0.942,1.003,0.955,1.2,0.982,0.936,0.87,1.13,0.847,0.899,0.984,1.005,1.376,1.02,0.975,1.025,1.155,1.021,1.183,1.022,1.104,0.948,1.019,0.99,0.982,1.102,23.823,11.219,1.859,1.116,0.832,0.753,0.72,3.486,0.629,0.605,0.86,0.613,1.998,0.844,1.762,0.426,0.518,0.708,0.949,0.898,1.354,1.131,0.549,0.417,0.034,0.59,1.159,0.709,0.4,9,2,248.235,30,1,0,5,43,114,35,12.495,42.233,59.572,67.517,74.681,81.455,88.212,94.889,104.576,111.188,117.731,124.464,131.208,139.056,145.801,153.548,159.98,166.876,173.605,180.53,187.454,194.966,202.119,208.852,215.293,221.432,227.971,235.15,241.852,248.235,1,1,1,1,1,1,1,1,1,1,1,1,1,1,1,1,1,1,1,1,1,1,1,1,1,1,1,1,1,1,0,0,0,0,0,0,0,0,0,0,0,0,0,0,0,0,0,0,0,0,0,0,0,0,0,0,0,0,0,0,12.495,42.233,59.572,67.517,74.681,81.455,88.212,94.889,104.576,111.188,117.731,124.464,131.208,139.056,145.801,153.548,159.98,166.876,173.605,180.53,187.454,194.966,202.119,208.852,215.293,221.432,227.971,235.15,241.852,248.235,,,,
EnF121m5,11_13     ,m, VAChT^En1-Cre-flox/flox,VAChT^En1-Cre-flox/flox,OK_En1CreVAChTfx_Extinction,Single-housed,Diurnal light cycle,Dr. Marco Prado - Robarts Research Institute - Ornela-Kljakic,Extinction_Training,,,Extinction Touch - Helena - DP,EXTINCTION TRAIN,30,750,2015-07-22 12:52:41 PM,14.151,48.223,1.851,1.786,0.093,0.126,0.076,1.834,,,,20.821,83.215,9.077,2.084,1.22,1.1,0.319,0.529,1.737,0.876,1.843,0.59,1.491,3.902,1.979,1.453,1.176,1.568,1.046,1.075,0.907,2.209,3.177,5.672,1.403,1.019,1.389,0.928,0.766,0.298,5.34,1.447,1.316,0.852,0.889,1.014,0.991,1.089,0.852,0.79,0.883,0.894,0.807,1.047,1.152,0.914,0.87,1.012,1.362,0.938,0.954,1.021,0.978,1.067,1.71,0.84,1.113,0.754,0.94,1.17,20.821,83.215,9.077,2.084,1.22,1.1,0.319,0.529,1.737,0.876,1.843,0.59,1.491,3.902,1.979,1.453,1.176,1.568,1.046,1.075,0.907,2.209,3.177,5.672,1.403,1.019,1.389,0.928,0.766,0.298,15,0,344.976,30,0,0,1,40,123,32,36.191,125.856,141.252,149.19,156.302,163.418,169.731,176.353,183.945,190.613,198.341,204.828,212.128,222.079,230.213,237.582,244.63,252.213,259.623,266.638,273.501,281.733,290.89,302.632,310.746,317.607,325.113,331.797,338.505,344.976,1,1,1,1,1,1,1,1,1,1,1,1,1,1,1,1,1,1,1,1,1,1,1,1,1,1,1,1,1,1,0,0,0,0,0,0,0,0,0,0,0,0,0,0,0,0,0,0,0,0,0,0,0,0,0,0,0,0,0,0,36.191,125.856,141.252,149.19,156.302,163.418,169.731,176.353,183.945,190.613,198.341,204.828,212.128,222.079,230.213,237.582,244.63,252.213,259.623,266.638,273.501,281.733,290.89,302.632,310.746,317.607,325.113,331.797,338.505,344.976,,,,
EnF121m5,11_13     ,m, VAChT^En1-Cre-flox/flox,VAChT^En1-Cre-flox/flox,OK_En1CreVAChTfx_Extinction,Single-housed,Diurnal light cycle,Dr. Marco Prado - Robarts Research Institute - Ornela-Kljakic,Extinction_Training,,,Extinction Touch - Helena - DP,EXTINCTION TRAIN,30,750,2015-07-21 3:51:51 PM,1.022,6.59,0.73,,,,,,,,,18.575,1.539,2.796,2.614,1.676,0.395,3.228,0.59,2.553,7.568,0.612,0.982,0.851,1.065,0.958,1.089,1.877,2.824,1.08,1.408,0.656,2.428,1.215,0.592,0.94,0.66,37.14,1.273,3.04,1.788,0.964,0.802,1.712,0.772,1.113,1.217,1.306,0.876,1.082,1.002,1.092,0.876,1.223,1.133,1.131,0.9,0.995,0.875,0.822,0.997,0.955,0.891,1.117,1.658,0.991,1.39,1.365,0.916,1.159,1.166,18.575,1.539,2.796,2.614,1.676,0.395,3.228,0.59,2.553,7.568,0.612,0.982,0.851,1.065,0.958,1.089,1.877,2.824,1.08,1.408,0.656,2.428,1.215,0.592,0.94,0.66,37.14,1.273,3.04,1.788,5,0,292.492,30,1,0,1,39,110,43,29.571,37.814,47.323,55.711,63.501,70.114,79.651,86.119,94.755,108.326,115.031,121.89,128.968,136.167,143.257,150.248,158.121,166.821,173.725,181.131,187.742,196.063,203.397,210.648,217.581,224.635,268.142,275.334,284.536,292.492,1,1,1,1,1,1,1,1,1,1,1,1,1,1,1,1,1,1,1,1,1,1,1,1,1,1,1,1,1,1,0,0,0,0,0,0,0,0,0,0,0,0,0,0,0,0,0,0,0,0,0,0,0,0,0,0,0,0,0,0,29.571,37.814,47.323,55.711,63.501,70.114,79.651,86.119,94.755,108.326,115.031,121.89,128.968,136.167,143.257,150.248,158.121,166.821,173.725,181.131,187.742,196.063,203.397,210.648,217.581,224.635,268.142,275.334,284.536,292.492,,,,
EnF121m5,11_13     ,m, VAChT^En1-Cre-flox/flox,VAChT^En1-Cre-flox/flox,OK_En1CreVAChTfx_Extinction,Single-housed,Diurnal light cycle,Dr. Marco Prado - Robarts Research Institute - Ornela-Kljakic,Extinction_Training,,,Extinction Touch - Helena - DP,EXTINCTION TRAIN,30,750,2015-07-20 4:47:11 PM,0.231,7.006,10.124,14.228,3.731,0.207,0.254,,,,,53.358,0.719,13.111,7.898,46.219,15.638,1.201,5.157,4.768,1.723,0.624,1.467,4.677,2.054,3.618,5.001,1.406,2.467,1.393,0.665,0.888,1.363,1.679,2.032,0.724,1.367,0.606,1.466,0.934,1.553,1.702,1.04,1.034,0.973,1.043,1.138,1.031,1.167,0.956,1.337,1.453,1.181,1.727,1.284,1.47,1.033,1.004,0.935,1.219,1.153,0.961,1.264,0.938,1.146,1.384,0.958,1.102,0.942,2.019,0.972,53.358,0.719,13.111,7.898,46.219,15.638,1.201,5.157,4.768,1.723,0.624,1.467,4.677,2.054,3.618,5.001,1.406,2.467,1.393,0.665,0.888,1.363,1.679,2.032,0.724,1.367,0.606,1.466,0.934,1.553,14,0,377.561,30,0,0,8,0,149,57,65.165,71.933,91.08,105.692,157.955,179.732,186.965,198.289,209.014,217.076,224.154,231.803,243.209,251.628,261.717,272.753,280.165,288.569,296.182,303.09,309.941,317.688,325.306,333.485,340.596,347.923,354.632,362.043,370.035,377.561,1,1,1,1,1,1,1,1,1,1,1,1,1,1,1,1,1,1,1,1,1,1,1,1,1,1,1,1,1,1,0,0,0,0,0,0,0,0,0,0,0,0,0,0,0,0,0,0,0,0,0,0,0,0,0,0,0,0,0,0,65.165,71.933,91.08,105.692,157.955,179.732,186.965,198.289,209.014,217.076,224.154,231.803,243.209,251.628,261.717,272.753,280.165,288.569,296.182,303.09,309.941,317.688,325.306,333.485,340.596,347.923,354.632,362.043,370.035,377.561,,,,
EnF121m6,11_13     ,m, VAChT^En1-Cre-flox/flox,VAChT^En1-Cre-flox/flox,OK_En1CreVAChTfx_Extinction,Single-housed,Diurnal light cycle,Dr. Marco Prado - Robarts Research Institute - Ornela-Kljakic,Extinction_Training,,,Extinction Touch - Helena - DP,EXTINCTION TRAIN,30,750,2015-08-21 2:52:18 PM,12.333,0.216,0.315,0.668,0.097,1.854,0.791,0.591,3.124,2.474,,108.589,1.046,2.973,0.852,0.844,3.96,5.676,1.302,1.256,0.207,2.835,4.005,18.607,0.112,1.184,4.521,30.739,3.656,7.076,0.807,0.592,1.585,1.111,1.051,30.16,2.11,0.34,1.865,0.447,1.971,2.191,1.056,1.054,1.885,1.379,0.988,1.08,1.595,0.864,0.988,1.036,1.042,0.984,1.678,0.889,1.414,3.388,1.606,1.026,2.214,1.171,0.941,0.944,1.205,0.988,2.289,1.12,1.166,1.844,1.097,108.589,1.046,2.973,0.852,0.844,3.96,5.676,1.302,1.256,0.207,2.835,4.005,18.607,0.112,1.184,4.521,30.739,3.656,7.076,0.807,0.592,1.585,1.111,1.051,30.16,2.11,0.34,1.865,0.447,1.971,32,3,437.648,30,0,0,1,38,117,39,120.8,127.904,136.931,144.669,151.893,161.842,173.599,181.497,188.618,194.814,203.686,213.734,238.325,245.117,252.191,263.127,302.255,312.517,325.62,333.642,340.406,347.933,354.988,362.246,398.395,407.795,414.256,422.288,429.579,437.648,1,1,1,1,1,1,1,1,1,1,1,1,1,1,1,1,1,1,1,1,1,1,1,1,1,1,1,1,1,1,0,0,0,0,0,0,0,0,0,0,0,0,0,0,0,0,0,0,0,0,0,0,0,0,0,0,0,0,0,0,120.8,127.904,136.931,144.669,151.893,161.842,173.599,181.497,188.618,194.814,203.686,213.734,238.325,245.117,252.191,263.127,302.255,312.517,325.62,333.642,340.406,347.933,354.988,362.246,398.395,407.795,414.256,422.288,429.579,437.648,,,,
EnF126m2,11_13     ,m,VAChT^flox/flox,VAChT^En1-Cre-flox/flox,OK_En1CreVAChTfx_Extinction,Single-housed,Diurnal light cycle,Dr. Marco Prado - Robarts Research Institute - Ornela-Kljakic,Extinction_Training,,,Extinction Touch - Helena - DP,EXTINCTION TRAIN,30,750,2015-08-21 2:51:35 PM,1.191,3.5,0.394,1.551,3.631,2.755,0.809,,,,,29.311,2.689,3.418,0.931,5.382,1.233,3.13,1.551,8.481,1.249,1.807,2.051,0.789,0.512,16.443,4.199,4.436,3.668,1.505,0.447,3.768,7.05,1.149,0.434,0.713,2.846,8.082,11.44,16.275,0.919,1.567,1.218,1.444,1.331,1.085,1.108,2.716,1.427,1.067,1.026,1.039,1.108,1.467,1.341,3.733,0.944,1.286,1.099,1.798,1.202,0.912,1.718,0.903,1.719,2.275,1.116,0.935,1.092,1.017,1.268,29.311,2.689,3.418,0.931,5.382,1.233,3.13,1.551,8.481,1.249,1.807,2.051,0.789,0.512,16.443,4.199,4.436,3.668,1.505,0.447,3.768,7.05,1.149,0.434,0.713,2.846,8.082,11.44,16.275,0.919,13,0,342.954,30,1,0,0,81,108,32,40.897,49.804,59.667,66.93,78.398,85.76,96.608,104.589,119.139,126.416,134.263,142.423,149.682,156.537,181.715,191.86,202.584,212.353,220.657,227.308,236.989,250.759,257.813,264.967,272.957,281.921,295.939,313.472,335.765,342.954,1,1,1,1,1,1,1,1,1,1,1,1,1,1,1,1,1,1,1,1,1,1,1,1,1,1,1,1,1,1,0,0,0,0,0,0,0,0,0,0,0,0,0,0,0,0,0,0,0,0,0,0,0,0,0,0,0,0,0,0,40.897,49.804,59.667,66.93,78.398,85.76,96.608,104.589,119.139,126.416,134.263,142.423,149.682,156.537,181.715,191.86,202.584,212.353,220.657,227.308,236.989,250.759,257.813,264.967,272.957,281.921,295.939,313.472,335.765,342.954,,,,
EnF125m2,11_13     ,m,VAChT^flox/flox,VAChT^En1-Cre-flox/flox,OK_En1CreVAChTfx_Extinction,Single-housed,Diurnal light cycle,Dr. Marco Prado - Robarts Research Institute - Ornela-Kljakic,Extinction_Training,,,Extinction Touch - Helena - DP,EXTINCTION TRAIN,30,750,2015-08-28 3:13:06 PM,7.144,0.049,0.13,1.736,0.034,,,,,,,71.007,1.59,1.886,3.386,1.444,0.686,0.666,2.308,1.721,4.048,2.684,4.071,0.896,3.872,1.658,2.649,2.495,3.094,3.652,11.772,5.135,2.385,3.996,2.451,2.367,5.818,3.959,4.449,4.939,12.084,1.375,1.045,1.62,1.073,1.958,1.865,1.709,3.722,0.959,0.965,1.372,0.908,1.847,1.027,1.03,0.924,1.064,0.996,0.813,0.939,0.799,0.923,1.095,0.944,1.034,0.888,0.896,0.879,1.001,0.981,71.007,1.59,1.886,3.386,1.444,0.686,0.666,2.308,1.721,4.048,2.684,4.071,0.896,3.872,1.658,2.649,2.495,3.094,3.652,11.772,5.135,2.385,3.996,2.451,2.367,5.818,3.959,4.449,4.939,12.084,20,0,365.784,30,1,0,4,38,112,39,82.48,90.116,98.626,108.884,117.289,124.842,132.22,143.252,150.934,160.948,170.008,179.989,187.736,197.637,205.327,213.904,222.467,231.558,241.027,258.74,269.676,277.985,288.079,296.475,304.879,316.587,326.445,336.775,347.716,365.784,1,1,1,1,1,1,1,1,1,1,1,1,1,1,1,1,1,1,1,1,1,1,1,1,1,1,1,1,1,1,0,0,0,0,0,0,0,0,0,0,0,0,0,0,0,0,0,0,0,0,0,0,0,0,0,0,0,0,0,0,82.48,90.116,98.626,108.884,117.289,124.842,132.22,143.252,150.934,160.948,170.008,179.989,187.736,197.637,205.327,213.904,222.467,231.558,241.027,258.74,269.676,277.985,288.079,296.475,304.879,316.587,326.445,336.775,347.716,365.784,,,,
EnF125m2,11_13     ,m,VAChT^flox/flox,VAChT^En1-Cre-flox/flox,OK_En1CreVAChTfx_Extinction,Single-housed,Diurnal light cycle,Dr. Marco Prado - Robarts Research Institute - Ornela-Kljakic,Extinction_Training,,,Extinction Touch - Helena - DP,EXTINCTION TRAIN,30,750,2015-08-27 3:06:39 PM,24.876,2.78,7.551,9.015,0.025,3.242,4.35,2.958,1.444,6.384,,74.8,24.444,9.403,16.454,3.786,2.826,3.98,4.069,2.269,4.423,19.114,2.176,2.073,1.653,4.7,1.134,3.013,8.679,1.58,3.261,2.441,2.632,2.581,1.785,2.819,2.182,5.076,1.656,1.809,3.806,25.544,1.263,1.474,1.565,1.524,1.055,2.154,1.11,3.092,1.104,1.425,1.223,1.426,1.548,1.118,2.076,1.225,1.652,1.947,1.142,1.045,3.26,1.149,2,1.18,1.057,1.114,1.107,1.604,1.313,74.8,24.444,9.403,16.454,3.786,2.826,3.98,4.069,2.269,4.423,19.114,2.176,2.073,1.653,4.7,1.134,3.013,8.679,1.58,3.261,2.441,2.632,2.581,1.785,2.819,2.182,5.076,1.656,1.809,3.806,45,0,445.217,30,0,0,1,36,123,34,110.381,141.09,156.969,179.99,190.301,199.187,210.323,220.503,230.867,241.395,266.937,275.338,283.839,292.042,302.862,311.073,320.314,335.646,344.176,353.581,362.068,372.963,381.694,390.482,399.483,407.723,418.916,426.68,435.096,445.217,1,1,1,1,1,1,1,1,1,1,1,1,1,1,1,1,1,1,1,1,1,1,1,1,1,1,1,1,1,1,0,0,0,0,0,0,0,0,0,0,0,0,0,0,0,0,0,0,0,0,0,0,0,0,0,0,0,0,0,0,110.381,141.09,156.969,179.99,190.301,199.187,210.323,220.503,230.867,241.395,266.937,275.338,283.839,292.042,302.862,311.073,320.314,335.646,344.176,353.581,362.068,372.963,381.694,390.482,399.483,407.723,418.916,426.68,435.096,445.217,,,,
EnF125m2,11_13     ,m,VAChT^flox/flox,VAChT^En1-Cre-flox/flox,OK_En1CreVAChTfx_Extinction,Single-housed,Diurnal light cycle,Dr. Marco Prado - Robarts Research Institute - Ornela-Kljakic,Extinction_Training,,,Extinction Touch - Helena - DP,EXTINCTION TRAIN,30,750,2015-08-26 3:47:36 PM,8.887,0.935,4.028,0.489,1.941,1.219,1.402,4.078,1.787,,,53.938,8.56,27.875,3.444,2.585,7.091,6.306,1.793,4.917,4.187,2.568,3.603,3.585,4.335,1.507,5.488,2.064,3.33,2.611,9.459,7.201,6.916,13.172,0.108,1.693,4.681,3.683,2.026,3.208,17.148,2.003,3.45,1.172,1.067,0.888,1.066,1.304,1.631,0.945,1.002,1.044,2.056,1.064,0.879,4.798,1.142,0.982,1.039,1.807,1.022,0.986,1.033,1.097,1.094,1.107,1.104,1.009,1.02,1.229,1.24,53.938,8.56,27.875,3.444,2.585,7.091,6.306,1.793,4.917,4.187,2.568,3.603,3.585,4.335,1.507,5.488,2.064,3.33,2.611,9.459,7.201,6.916,13.172,0.108,1.693,4.681,3.683,2.026,3.208,17.148,29,0,416.046,30,0,0,1,39,125,39,66.038,83.052,117.101,126.614,135.398,148.775,161.386,169.812,180.675,190.866,199.48,210.14,219.792,230.008,241.316,252.947,260.996,270.367,279.786,295.27,308.459,321.409,340.68,346.885,354.688,365.475,375.169,383.218,392.656,416.046,1,1,1,1,1,1,1,1,1,1,1,1,1,1,1,1,1,1,1,1,1,1,1,1,1,1,1,1,1,1,0,0,0,0,0,0,0,0,0,0,0,0,0,0,0,0,0,0,0,0,0,0,0,0,0,0,0,0,0,0,66.038,83.052,117.101,126.614,135.398,148.775,161.386,169.812,180.675,190.866,199.48,210.14,219.792,230.008,241.316,252.947,260.996,270.367,279.786,295.27,308.459,321.409,340.68,346.885,354.688,365.475,375.169,383.218,392.656,416.046,,,,
EnF125m2,11_13     ,m,VAChT^flox/flox,VAChT^En1-Cre-flox/flox,OK_En1CreVAChTfx_Extinction,Single-housed,Diurnal light cycle,Dr. Marco Prado - Robarts Research Institute - Ornela-Kljakic,Extinction_Training,,,Extinction Touch - Helena - DP,EXTINCTION TRAIN,30,750,2015-08-25 3:31:27 PM,20.37,18.821,7.951,7.642,3.834,1.328,3.721,1.912,2.529,12.654,,269.42,22.517,4.372,10.393,6.207,23.088,2.197,6.754,9.135,4.45,15.937,7.833,6.127,8.171,6.758,4.669,5.286,3.679,2.668,3.816,2.03,3.299,9.998,8.17,5.036,4.094,3.309,3.278,11.014,40.738,1.683,1.471,1.448,1.095,0.954,1.103,1.114,0.946,0.873,1.546,1.018,0.886,1.18,1.02,1.496,1.054,1.89,1.033,0.987,1.469,1.911,0.989,2.152,1.048,0.952,1.026,1.202,1.457,1.76,1.011,269.42,22.517,4.372,10.393,6.207,23.088,2.197,6.754,9.135,4.45,15.937,7.833,6.127,8.171,6.758,4.669,5.286,3.679,2.668,3.816,2.03,3.299,9.998,8.17,5.036,4.094,3.309,3.278,11.014,40.738,56,0,707.382,30,0,0,1,46,186,52,281.138,310.128,320.969,337.458,349.622,378.815,387.128,399.83,414.851,425.851,447.811,461.532,473.84,488.033,501.288,512.014,524.192,533.906,542.562,552.85,561.793,571.082,588.234,602.454,613.443,623.566,633.118,642.854,660.63,707.382,1,1,1,1,1,1,1,1,1,1,1,1,1,1,1,1,1,1,1,1,1,1,1,1,1,1,1,1,1,1,0,0,0,0,0,0,0,0,0,0,0,0,0,0,0,0,0,0,0,0,0,0,0,0,0,0,0,0,0,0,281.138,310.128,320.969,337.458,349.622,378.815,387.128,399.83,414.851,425.851,447.811,461.532,473.84,488.033,501.288,512.014,524.192,533.906,542.562,552.85,561.793,571.082,588.234,602.454,613.443,623.566,633.118,642.854,660.63,707.382,,,,
EnF125m2,11_13     ,m,VAChT^flox/flox,VAChT^En1-Cre-flox/flox,OK_En1CreVAChTfx_Extinction,Single-housed,Diurnal light cycle,Dr. Marco Prado - Robarts Research Institute - Ornela-Kljakic,Extinction_Training,,,Extinction Touch - Helena - DP,EXTINCTION TRAIN,30,750,2015-08-24 3:45:02 PM,23.855,,,,,,,,,,,,,,,,,,,,,,,,,,,,,,,,,,,,,,,,,,,,,,,,,,,,,,,,,,,,,,,,,,,,,,,,,,,,,,,,,,,,,,,,,,,,,,,,,,,,,33,0,750,0,2,0,0,29,148,8,,,,,,,,,,,,,,,,,,,,,,,,,,,,,,,,,,,,,,,,,,,,,,,,,,,,,,,,,,,,,,,,,,,,,,,,,,,,,,,,,,,,,,,,,,,,,,,,,,,,,,,,,,,,,,,,,,,,,,,,,,,,
EnF121m5,11_13     ,m, VAChT^En1-Cre-flox/flox,VAChT^En1-Cre-flox/flox,OK_En1CreVAChTfx_Extinction,Single-housed,Diurnal light cycle,Dr. Marco Prado - Robarts Research Institute - Ornela-Kljakic,Extinction_Training,,,Extinction Touch - Helena - DP,EXTINCTION TRAIN,30,750,2015-07-24 2:32:50 PM,0.013,1.076,0.972,2.119,0.833,0.432,,,,,,4.177,1.388,0.673,0.572,0.539,0.58,0.838,6.044,1.342,0.591,2.581,2.463,0.836,0.651,0.553,1.413,1.638,0.799,0.766,2.548,3.37,0.597,0.18,0.518,1.487,0.58,0.373,0.472,0.65,1.087,1.493,0.902,0.911,0.868,1.195,1.102,0.957,1.315,1.075,0.877,1.241,0.981,0.958,0.888,0.908,1.032,0.962,1.159,1.551,1.003,1.182,1.109,1.092,0.953,1.593,1.009,1.567,1.048,0.988,1.205,4.177,1.388,0.673,0.572,0.539,0.58,0.838,6.044,1.342,0.591,2.581,2.463,0.836,0.651,0.553,1.413,1.638,0.799,0.766,2.548,3.37,0.597,0.18,0.518,1.487,0.58,0.373,0.472,0.65,1.087,14,2,228.574,30,2,0,4,47,127,30,15.76,23.051,29.644,36.086,42.821,49.504,56.301,68.661,76.079,82.549,91.373,99.818,106.614,113.153,119.615,127.063,134.664,141.624,148.949,157.501,167.056,173.764,180.037,186.509,194.591,201.181,208.121,214.642,221.281,228.574,1,1,1,1,1,1,1,1,1,1,1,1,1,1,1,1,1,1,1,1,1,1,1,1,1,1,1,1,1,1,0,0,0,0,0,0,0,0,0,0,0,0,0,0,0,0,0,0,0,0,0,0,0,0,0,0,0,0,0,0,15.76,23.051,29.644,36.086,42.821,49.504,56.301,68.661,76.079,82.549,91.373,99.818,106.614,113.153,119.615,127.063,134.664,141.624,148.949,157.501,167.056,173.764,180.037,186.509,194.591,201.181,208.121,214.642,221.281,228.574,,,,
EnF119m3,11_13     ,m, VAChT^En1-Cre-flox/flox,VAChT^En1-Cre-flox/flox,OK_En1CreVAChTfx_Extinction,Single-housed,Diurnal light cycle,Dr. Marco Prado - Robarts Research Institute - Ornela-Kljakic,Extinction_Training,,,Extinction Touch - Helena - DP,EXTINCTION TRAIN,30,750,2015-09-04 2:35:23 PM,8.267,4.779,0.967,1.777,3.195,0.692,1.102,0.021,1.098,0.253,,11.64,13.4,6.094,1.834,2.691,1.808,1.506,6.169,1.604,0.487,1.219,1.607,1.44,1.753,9.748,0.885,1.507,6.052,0.953,3.91,3.199,3.728,4.744,3.164,1.779,1.638,1.477,0.631,1.891,0.851,1.047,1.11,1.104,1.169,1.537,1.217,1.916,1.105,1.147,1.143,1.186,1.134,1.397,1.131,1.418,1.553,1.122,1.439,5.132,1.288,2.131,1.711,1.096,2.169,1.202,1.043,2.08,1.271,1.395,1.813,11.64,13.4,6.094,1.834,2.691,1.808,1.506,6.169,1.604,0.487,1.219,1.607,1.44,1.753,9.748,0.885,1.507,6.052,0.953,3.91,3.199,3.728,4.744,3.164,1.779,1.638,1.477,0.631,1.891,0.851,10,0,300.694,30,2,0,4,37,95,31,22.745,42.257,54.456,62.461,71.69,79.716,88.141,100.416,108.17,114.802,122.209,129.952,138.765,146.65,162.818,170.256,177.887,190.38,201.467,211.666,221.997,232.437,243.278,253.613,261.595,269.277,277.837,284.741,293.028,300.694,1,1,1,1,1,1,1,1,1,1,1,1,1,1,1,1,1,1,1,1,1,1,1,1,1,1,1,1,1,1,0,0,0,0,0,0,0,0,0,0,0,0,0,0,0,0,0,0,0,0,0,0,0,0,0,0,0,0,0,0,22.745,42.257,54.456,62.461,71.69,79.716,88.141,100.416,108.17,114.802,122.209,129.952,138.765,146.65,162.818,170.256,177.887,190.38,201.467,211.666,221.997,232.437,243.278,253.613,261.595,269.277,277.837,284.741,293.028,300.694,,,,
EnF119m3,11_13     ,m, VAChT^En1-Cre-flox/flox,VAChT^En1-Cre-flox/flox,OK_En1CreVAChTfx_Extinction,Single-housed,Diurnal light cycle,Dr. Marco Prado - Robarts Research Institute - Ornela-Kljakic,Extinction_Training,,,Extinction Touch - Helena - DP,EXTINCTION TRAIN,30,750,2015-09-03 3:03:21 PM,7.403,1.051,1.546,2.354,0.702,2.752,0.616,1.898,0.109,1.162,0.95,4.493,9.013,2.432,2.547,15.093,1.367,0.332,1.477,1.363,1.621,1.913,4.481,1.716,1.831,2.009,7.878,3.089,3.865,0.651,3.017,2.976,1.227,2.592,12.025,1.774,1.955,1.911,2.715,1.955,1.82,1.218,1.124,1.097,1.249,1.007,1.292,0.988,1.622,1.198,2.303,6.28,1.993,1.469,1.32,1.022,1.084,1.062,1.318,1.081,1.969,1.135,1.156,1.301,1.401,1.35,3.95,2.302,1.275,1.315,1.41,4.493,9.013,2.432,2.547,15.093,1.367,0.332,1.477,1.363,1.621,1.913,4.481,1.716,1.831,2.009,7.878,3.089,3.865,0.651,3.017,2.976,1.227,2.592,12.025,1.774,1.955,1.911,2.715,1.955,1.82,26,11,304.604,30,6,0,5,38,116,39,15.826,30.965,39.497,48.294,69.396,77.058,83.38,91.48,99.045,107.971,121.167,132.643,140.829,148.983,157.016,170.98,180.133,190.317,197.052,207.039,216.152,223.538,232.432,250.86,258.985,269.893,279.107,288.1,296.372,304.603,1,1,1,1,1,1,1,1,1,1,1,1,1,1,1,1,1,1,1,1,1,1,1,1,1,1,1,1,1,1,0,0,0,0,0,0,0,0,0,0,0,0,0,0,0,0,0,0,0,0,0,0,0,0,0,0,0,0,0,0,15.826,30.965,39.497,48.294,69.396,77.058,83.38,91.48,99.045,107.971,121.167,132.643,140.829,148.983,157.016,170.98,180.133,190.317,197.052,207.039,216.152,223.538,232.432,250.86,258.985,269.893,279.107,288.1,296.372,304.603,,,,
EnF119m3,11_13     ,m, VAChT^En1-Cre-flox/flox,VAChT^En1-Cre-flox/flox,OK_En1CreVAChTfx_Extinction,Single-housed,Diurnal light cycle,Dr. Marco Prado - Robarts Research Institute - Ornela-Kljakic,Extinction_Training,,,Extinction Touch - Helena - DP,EXTINCTION TRAIN,30,750,2015-09-02 3:34:28 PM,0.037,5.823,0.529,6.573,0.441,0.65,0.31,0.531,,,,1.247,11.01,1.574,1.459,1.705,1.391,5.087,0.471,1.354,0.234,0.801,8.383,3.137,0.311,3.029,1.36,2.151,1.311,1.069,2.681,1.949,0.659,3.319,5.263,1.6,2.183,2.275,1.789,0.452,4.731,1.111,6.209,1.875,1.166,1.154,1.078,1.578,1.128,1.905,3.209,1.14,1.223,1.305,1.228,2.427,1.235,1.742,3.755,1.526,2.298,1.484,1.292,1.304,1.321,2.085,1.257,1.361,1.35,1.238,1.291,1.247,11.01,1.574,1.459,1.705,1.391,5.087,0.471,1.354,0.234,0.801,8.383,3.137,0.311,3.029,1.36,2.151,1.311,1.069,2.681,1.949,0.659,3.319,5.263,1.6,2.183,2.275,1.789,0.452,4.731,14,3,281.46,30,7,0,1,37,78,43,12.482,34.704,43.154,50.781,58.643,66.115,77.783,84.384,92.646,101.091,108.034,122.644,132.088,138.629,149.088,156.687,165.583,175.651,183.248,193.229,201.665,208.617,218.243,229.83,238.517,246.959,255.6,263.742,270.434,281.46,1,1,1,1,1,1,1,1,1,1,1,1,1,1,1,1,1,1,1,1,1,1,1,1,1,1,1,1,1,1,0,0,0,0,0,0,0,0,0,0,0,0,0,0,0,0,0,0,0,0,0,0,0,0,0,0,0,0,0,0,12.482,34.704,43.154,50.781,58.643,66.115,77.783,84.384,92.646,101.091,108.034,122.644,132.088,138.629,149.088,156.687,165.583,175.651,183.248,193.229,201.665,208.617,218.243,229.83,238.517,246.959,255.6,263.742,270.434,281.46,,,,
EnF119m3,11_13     ,m, VAChT^En1-Cre-flox/flox,VAChT^En1-Cre-flox/flox,OK_En1CreVAChTfx_Extinction,Single-housed,Diurnal light cycle,Dr. Marco Prado - Robarts Research Institute - Ornela-Kljakic,Extinction_Training,,,Extinction Touch - Helena - DP,EXTINCTION TRAIN,30,750,2015-09-01 2:42:07 PM,7.192,1.313,8.445,8.73,3.747,5.488,2.658,6.744,14.905,11.507,,10.615,52.115,27.683,2.248,3.497,13.6,26.982,4.69,19.775,7.055,7.672,28.445,6.346,2.07,2.146,1.612,11.868,16.475,2.592,58.365,17.328,38.373,21.262,10.401,3.437,22.282,17.269,0.953,14.972,6.978,1.363,1.79,1.085,1.088,1.896,1.253,1.286,1.306,1.419,1.54,2.271,2.335,1.514,1.515,3.684,1.401,1.439,1.283,1.524,1.301,1.932,1.591,1.438,1.488,1.669,1.718,1.636,1.421,1.499,1.683,10.615,52.115,27.683,2.248,3.497,13.6,26.982,4.69,19.775,7.055,7.672,28.445,6.346,2.07,2.146,1.612,11.868,16.475,2.592,58.365,17.328,38.373,21.262,10.401,3.437,22.282,17.269,0.953,14.972,6.978,43,0,688.47,30,0,0,4,51,172,53,22.084,80.992,114.762,123.1,133.496,153.351,186.62,223.43,249.627,263.223,278.17,313.952,326.814,335.402,346.234,354.248,372.558,395.319,404.438,469.105,493.367,538.334,566.036,582.928,593.049,622.051,645.958,653.334,674.807,688.469,1,1,1,1,1,1,1,1,1,1,1,1,1,1,1,1,1,1,1,1,1,1,1,1,1,1,1,1,1,1,0,0,0,0,0,0,0,0,0,0,0,0,0,0,0,0,0,0,0,0,0,0,0,0,0,0,0,0,0,0,22.084,80.992,114.762,123.1,133.496,153.351,186.62,223.43,249.627,263.223,278.17,313.952,326.814,335.402,346.234,354.248,372.558,395.319,404.438,469.105,493.367,538.334,566.036,582.928,593.049,622.051,645.958,653.334,674.807,688.469,,,,
EnF125m2,11_13     ,m,VAChT^flox/flox,VAChT^En1-Cre-flox/flox,OK_En1CreVAChTfx_Extinction,Single-housed,Diurnal light cycle,Dr. Marco Prado - Robarts Research Institute - Ornela-Kljakic,Extinction_Training,,,Extinction Touch - Helena - DP,EXTINCTION TRAIN,30,750,2015-08-31 3:36:27 PM,11.545,0.479,5.359,9.395,0.382,2.336,4.059,6.208,0.074,3.971,,28.566,6.25,6.857,9.487,12.39,9.909,1.73,1.227,6.621,8.547,11.357,3.304,1.368,5.607,4.009,1.135,8.338,12.159,5.631,2.664,2.046,2.914,2.25,9.527,14.412,22.862,8.884,1.676,3.372,2.356,1.017,1.031,0.934,2.313,0.889,1.145,1.867,1.689,1.158,2.838,1.417,1.157,1.674,1.591,1.53,0.968,1.017,1.28,1.489,1.051,1.035,0.844,0.903,1.885,0.908,1.013,1.234,0.992,0.979,1.042,28.566,6.25,6.857,9.487,12.39,9.909,1.73,1.227,6.621,8.547,11.357,3.304,1.368,5.607,4.009,1.135,8.338,12.159,5.631,2.664,2.046,2.914,2.25,9.527,14.412,22.862,8.884,1.676,3.372,2.356,24,0,411.513,30,0,0,8,48,143,41,39.687,51.97,64.763,81.567,99.849,115.905,124.504,132.421,145.202,161.588,179.364,188.828,196.872,209.072,219.614,226.719,241.076,259.517,271.639,280.357,288.44,297.199,305.355,321.768,342.091,370.968,386.089,393.758,403.113,411.512,1,1,1,1,1,1,1,1,1,1,1,1,1,1,1,1,1,1,1,1,1,1,1,1,1,1,1,1,1,1,0,0,0,0,0,0,0,0,0,0,0,0,0,0,0,0,0,0,0,0,0,0,0,0,0,0,0,0,0,0,39.687,51.97,64.763,81.567,99.849,115.905,124.504,132.421,145.202,161.588,179.364,188.828,196.872,209.072,219.614,226.719,241.076,259.517,271.639,280.357,288.44,297.199,305.355,321.768,342.091,370.968,386.089,393.758,403.113,411.512,,,,
EnF119m3,11_13     ,m, VAChT^En1-Cre-flox/flox,VAChT^En1-Cre-flox/flox,OK_En1CreVAChTfx_Extinction,Single-housed,Diurnal light cycle,Dr. Marco Prado - Robarts Research Institute - Ornela-Kljakic,Extinction_Training,,,Extinction Touch - Helena - DP,EXTINCTION TRAIN,30,750,2015-08-31 3:31:22 PM,7.204,0.626,1.77,1.104,86.803,9.178,6.211,6.566,38.058,8.795,0.172,6.361,50.816,21.642,40.485,13.305,238.951,15.408,17.19,14.243,26.957,9.886,48.56,14.284,1.865,21.101,5.062,6.579,6.67,6.541,3.758,3.634,7.954,2.799,4.572,,,,,,,1.259,1.082,3.045,1.091,1.131,1.096,1.571,1.269,1.589,1.527,1.568,1.186,1.328,2.522,1.469,1.494,1.074,1.579,4.867,1.177,1.646,4.658,1.981,,,,,,,,6.361,50.816,21.642,40.485,13.305,238.951,15.408,17.19,14.243,26.957,9.886,48.56,14.284,1.865,21.101,5.062,6.579,6.67,6.541,3.758,3.634,7.954,2.799,4.572,,,,,,,26,0,750,23,0,0,0,78,197,43,17.653,74.552,104.24,150.817,170.254,415.302,437.283,460.744,481.578,515.064,531.52,586.267,606.88,616.268,643.943,655.5,668.155,681.406,697.816,707.752,718.033,735.646,745.428,,,,,,,,1,1,1,1,1,1,1,1,1,1,1,1,1,1,1,1,1,1,1,1,1,1,1,,,,,,,,0,0,0,0,0,0,0,0,0,0,0,0,0,0,0,0,0,0,0,0,0,0,0,,,,,,,,17.653,74.552,104.24,150.817,170.254,415.302,437.283,460.744,481.578,515.064,531.52,586.267,606.88,616.268,643.943,655.5,668.155,681.406,697.816,707.752,718.033,735.646,745.428,,,,,,,,,,,
EnF118m7,11_13     ,m,VAChT^flox/flox,VAChT^En1-Cre-flox/flox,OK_En1CreVAChTfx_Extinction,Single-housed,Diurnal light cycle,Dr. Marco Prado - Robarts Research Institute - Ornela-Kljakic,Extinction_Training,,,Extinction Touch - Helena - DP,EXTINCTION TRAIN,30,750,2015-07-06 4:57:31 PM,13.678,9.933,5.389,2.196,0.584,2.011,2.542,1.837,8.765,3.605,3.691,20.964,57.373,4.135,17.893,43.073,1.318,0.617,3.34,3.188,41.958,1.011,13.686,3.244,12.668,3.882,5.605,1.699,12.955,4.065,0.859,1.9,0.891,0.76,1.058,0.85,0.973,2.601,1.288,1.625,3.115,3.25,14.365,6.996,1.238,1.605,0.919,1.165,1.02,2.611,1.043,1.062,30.54,0.861,0.982,0.857,1.051,1.776,0.84,0.794,0.868,1.147,0.762,1.21,0.7,0.859,0.959,1.8,0.989,0.775,2.047,20.964,57.373,4.135,17.893,43.073,1.318,0.617,3.34,3.188,41.958,1.011,13.686,3.244,12.668,3.882,5.605,1.699,12.955,4.065,0.859,1.9,0.891,0.76,1.058,0.85,0.973,2.601,1.288,1.625,3.115,34,0,508.765,30,2,0,1,42,239,45,34.243,110.982,127.114,151.246,200.924,208.162,214.947,224.309,235.111,283.114,290.188,339.415,348.523,367.174,376.915,388.572,397.049,415.846,425.706,432.434,440.484,447.138,454.11,460.872,467.583,474.517,483.921,491.2,498.601,508.765,1,1,1,1,1,1,1,1,1,1,1,1,1,1,1,1,1,1,1,1,1,1,1,1,1,1,1,1,1,1,0,0,0,0,0,0,0,0,0,0,0,0,0,0,0,0,0,0,0,0,0,0,0,0,0,0,0,0,0,0,34.243,110.982,127.114,151.246,200.924,208.162,214.947,224.309,235.111,283.114,290.188,339.415,348.523,367.174,376.915,388.572,397.049,415.846,425.706,432.434,440.484,447.138,454.11,460.872,467.583,474.517,483.921,491.2,498.601,508.765,0.17,,,
EnF122m4,11_13     ,m,VAChT^flox/flox,VAChT^En1-Cre-flox/flox,OK_En1CreVAChTfx_Extinction,Single-housed,Diurnal light cycle,Dr. Marco Prado - Robarts Research Institute - Ornela-Kljakic,Extinction_Training,,,Extinction Touch - Helena - DP,EXTINCTION TRAIN,30,750,2015-07-03 4:52:23 PM,2.156,2.372,4.955,2.251,,,,,,,,18.345,9.865,4.326,1.556,2.749,6.285,3.258,2.621,1.273,8.447,1.634,4.341,0.522,2.852,3.432,6.329,1.619,7.129,1.291,38.344,1.932,58.076,8.09,9.771,27.964,13.387,10.302,0.913,3.427,9.093,0.997,2.604,0.718,1.351,0.874,0.9,13.474,0.83,0.784,1.233,0.896,0.833,1.181,0.924,1.482,0.922,0.818,0.993,1.009,0.728,0.835,0.833,0.831,0.978,0.804,0.745,1.054,0.854,1.189,0.881,18.345,9.865,4.326,1.556,2.749,6.285,3.258,2.621,1.273,8.447,1.634,4.341,0.522,2.852,3.432,6.329,1.619,7.129,1.291,38.344,1.932,58.076,8.09,9.771,27.964,13.387,10.302,0.913,3.427,9.093,6,0,466.972,30,1,0,0,64,136,36,29.383,46.854,56.899,64.81,73.436,85.622,107.355,115.808,122.866,137.549,145.081,155.258,161.963,170.741,180.658,192.912,200.351,213.475,220.916,264.99,272.759,336.67,350.592,366.344,400.114,419.248,435.608,442.378,451.996,466.971,1,1,1,1,1,1,1,1,1,1,1,1,1,1,1,1,1,1,1,1,1,1,1,1,1,1,1,1,1,1,0,0,0,0,0,0,0,0,0,0,0,0,0,0,0,0,0,0,0,0,0,0,0,0,0,0,0,0,0,0,29.383,46.854,56.899,64.81,73.436,85.622,107.355,115.808,122.866,137.549,145.081,155.258,161.963,170.741,180.658,192.912,200.351,213.475,220.916,264.99,272.759,336.67,350.592,366.344,400.114,419.248,435.608,442.378,451.996,466.971,,,,
EnF122m4,11_13     ,m,VAChT^flox/flox,VAChT^En1-Cre-flox/flox,OK_En1CreVAChTfx_Extinction,Single-housed,Diurnal light cycle,Dr. Marco Prado - Robarts Research Institute - Ornela-Kljakic,Extinction_Training,,,Extinction Touch - Helena - DP,EXTINCTION TRAIN,30,750,2015-07-02 4:25:42 PM,4.917,0.132,0.875,0.223,0.134,10.093,,,,,,16.566,0.094,2.854,1.468,2.287,1.849,4.959,2.566,1.432,2.701,0.936,0.792,2.209,0.715,3.052,0.373,1.071,2.366,2.76,8.704,0.974,8.928,0.533,8.03,0.533,1.415,1.339,16.511,0.862,9.072,0.79,0.834,2.481,0.729,0.812,0.673,0.837,0.722,0.948,0.732,0.702,0.762,0.911,1.078,0.774,1.241,0.893,0.803,0.872,0.777,1.112,0.919,0.919,1.347,1.187,0.736,1.12,2.095,1.36,1.017,16.566,0.094,2.854,1.468,2.287,1.849,4.959,2.566,1.432,2.701,0.936,0.792,2.209,0.715,3.052,0.373,1.071,2.366,2.76,8.704,0.974,8.928,0.533,8.03,0.533,1.415,1.339,16.511,0.862,9.072,14,0,293.302,30,2,0,1,38,100,31,27.472,33.402,43.738,50.936,59.038,66.561,77.36,85.65,93.032,101.469,108.108,114.663,122.784,129.58,138.409,145.024,151.991,160.161,168.794,183.277,190.364,205.215,211.668,226.046,232.767,239.92,247.38,270.988,278.211,293.302,1,1,1,1,1,1,1,1,1,1,1,1,1,1,1,1,1,1,1,1,1,1,1,1,1,1,1,1,1,1,0,0,0,0,0,0,0,0,0,0,0,0,0,0,0,0,0,0,0,0,0,0,0,0,0,0,0,0,0,0,27.472,33.402,43.738,50.936,59.038,66.561,77.36,85.65,93.032,101.469,108.108,114.663,122.784,129.58,138.409,145.024,151.991,160.161,168.794,183.277,190.364,205.215,211.668,226.046,232.767,239.92,247.38,270.988,278.211,293.302,,,,
EnF122m4,11_13     ,m,VAChT^flox/flox,VAChT^En1-Cre-flox/flox,OK_En1CreVAChTfx_Extinction,Single-housed,Diurnal light cycle,Dr. Marco Prado - Robarts Research Institute - Ornela-Kljakic,Extinction_Training,,,Extinction Touch - Helena - DP,EXTINCTION TRAIN,30,750,2015-06-30 4:32:10 PM,11.353,1.511,0.617,1.297,,,,,,,,2.617,13.714,5.3,18.151,8.618,3.011,10.305,5.806,8.517,0.73,0.613,0.752,0.778,1.851,1.285,0.533,3.442,0.776,2.049,6.9,0.537,0.69,1.877,0.533,1.173,0.998,0.311,16.864,4.439,2.36,0.884,0.858,0.745,0.798,0.901,0.839,1.192,0.896,0.952,0.99,0.863,0.832,0.908,0.824,1.401,0.931,1.33,0.89,0.982,1.042,0.916,1.05,0.803,0.906,1.163,0.849,0.936,0.892,2.085,0.89,2.617,13.714,5.3,18.151,8.618,3.011,10.305,5.806,8.517,0.73,0.613,0.752,0.778,1.851,1.285,0.533,3.442,0.776,2.049,6.9,0.537,0.69,1.877,0.533,1.173,0.998,0.311,16.864,4.439,2.36,9,3,310.318,30,3,0,0,47,113,36,13.66,33.235,44.284,68.235,82.757,91.609,108.108,119.813,134.284,141.006,147.484,154.069,160.758,168.437,176.126,182.592,192.366,199.034,207.075,220.018,226.474,233.218,240.898,247.341,254.679,261.529,267.78,290.537,302.064,310.316,1,1,1,1,1,1,1,1,1,1,1,1,1,1,1,1,1,1,1,1,1,1,1,1,1,1,1,1,1,1,0,0,0,0,0,0,0,0,0,0,0,0,0,0,0,0,0,0,0,0,0,0,0,0,0,0,0,0,0,0,13.66,33.235,44.284,68.235,82.757,91.609,108.108,119.813,134.284,141.006,147.484,154.069,160.758,168.437,176.126,182.592,192.366,199.034,207.075,220.018,226.474,233.218,240.898,247.341,254.679,261.529,267.78,290.537,302.064,310.316,,,,
EnF122m4,11_13     ,m,VAChT^flox/flox,VAChT^En1-Cre-flox/flox,OK_En1CreVAChTfx_Extinction,Single-housed,Diurnal light cycle,Dr. Marco Prado - Robarts Research Institute - Ornela-Kljakic,Extinction_Training,,,Extinction Touch - Helena - DP,EXTINCTION TRAIN,30,750,2015-06-29 4:09:40 PM,46.996,1.456,0.771,1.575,,,,,,,,48.668,0.698,35.229,1.775,4.823,12.566,8.693,1.685,0.971,2.135,0.754,6.053,3.332,2.557,2.631,1.362,2.624,1.023,1.452,1.931,1.552,1.073,10.096,1.934,0.455,0.841,1.934,0.893,2.66,1.734,11.567,0.951,0.826,0.901,0.792,1.252,0.993,1.405,0.893,1.01,1.798,0.895,0.993,1.293,0.814,1.078,1.046,0.949,0.887,0.839,1.091,0.837,1.08,0.989,1.522,0.957,0.989,1.401,0.858,1.043,48.668,0.698,35.229,1.775,4.823,12.566,8.693,1.685,0.971,2.135,0.754,6.053,3.332,2.557,2.631,1.362,2.624,1.023,1.452,1.931,1.552,1.073,10.096,1.934,0.455,0.841,1.934,0.893,2.66,1.734,8,3,361.154,30,2,0,0,45,137,36,70.268,76.92,117.978,125.656,136.273,155.092,169.779,177.87,184.738,192.884,200.436,212.387,221.712,230.563,239.009,246.45,255.121,262.094,269.434,277.205,284.849,291.759,307.936,315.86,322.838,329.637,337.56,344.856,353.376,361.154,1,1,1,1,1,1,1,1,1,1,1,1,1,1,1,1,1,1,1,1,1,1,1,1,1,1,1,1,1,1,0,0,0,0,0,0,0,0,0,0,0,0,0,0,0,0,0,0,0,0,0,0,0,0,0,0,0,0,0,0,70.268,76.92,117.978,125.656,136.273,155.092,169.779,177.87,184.738,192.884,200.436,212.387,221.712,230.563,239.009,246.45,255.121,262.094,269.434,277.205,284.849,291.759,307.936,315.86,322.838,329.637,337.56,344.856,353.376,361.154,,,,
EnF119m3,11_13     ,m, VAChT^En1-Cre-flox/flox,VAChT^En1-Cre-flox/flox,OK_En1CreVAChTfx_Extinction,Single-housed,Diurnal light cycle,Dr. Marco Prado - Robarts Research Institute - Ornela-Kljakic,Extinction_Training,,,Extinction Touch - Helena - DP,EXTINCTION TRAIN,30,750,2015-09-08 3:20:20 PM,4.111,0.563,2.347,1.928,1.159,0.232,0.096,1.07,0.086,0.209,,16.013,7.913,6.056,0.996,1.81,2.348,0.779,7.179,0.511,19.682,2.811,1.654,4.047,2.304,18.381,4.743,2.155,0.89,2.089,4.042,1.258,4.873,3.395,1.852,1.47,0.502,1.636,2.248,2.154,0.973,1.467,1.219,1.306,1.669,1.273,1.36,1.669,1.289,1.394,1.537,1.364,1.368,1.385,1.337,1.344,1.226,1.183,1.305,1.282,1.439,1.083,1.716,1.235,1.405,1.728,1.193,1.268,1.193,1.3,1.282,16.013,7.913,6.056,0.996,1.81,2.348,0.779,7.179,0.511,19.682,2.811,1.654,4.047,2.304,18.381,4.743,2.155,0.89,2.089,4.042,1.258,4.873,3.395,1.852,1.47,0.502,1.636,2.248,2.154,0.973,29,1,323.536,30,2,0,5,38,79,32,27.59,41.725,54.092,61.759,69.844,78.555,86.006,99.477,106.385,132.606,141.785,149.823,160.257,168.901,193.629,204.601,212.943,220.142,228.516,238.999,246.344,257.935,267.568,275.828,284.028,291.431,299.38,307.823,316.279,323.536,1,1,1,1,1,1,1,1,1,1,1,1,1,1,1,1,1,1,1,1,1,1,1,1,1,1,1,1,1,1,0,0,0,0,0,0,0,0,0,0,0,0,0,0,0,0,0,0,0,0,0,0,0,0,0,0,0,0,0,0,27.59,41.725,54.092,61.759,69.844,78.555,86.006,99.477,106.385,132.606,141.785,149.823,160.257,168.901,193.629,204.601,212.943,220.142,228.516,238.999,246.344,257.935,267.568,275.828,284.028,291.431,299.38,307.823,316.279,323.536,,,,
EnF116m6,11_13     ,m, VAChT^En1-Cre-flox/flox,VAChT^En1-Cre-flox/flox,OK_En1CreVAChTfx_Extinction,Single-housed,Diurnal light cycle,Dr. Marco Prado - Robarts Research Institute - Ornela-Kljakic,Extinction_Training,,,Extinction Touch - Helena - DP,EXTINCTION TRAIN,30,750,2015-08-04 2:08:12 PM,18.415,5.403,13.533,1.066,7.292,3.623,6.533,10.928,,,,39.204,3.601,4.344,32.098,20.606,1.342,1.774,1.402,1.186,0.753,8.989,13.056,0.916,2.265,8.41,1.559,5.252,2.959,1.059,11.149,20.349,3.396,7.808,2.369,9.115,22.1,10.715,4.037,8.646,17.442,1.205,9.948,1.89,1.228,1.333,1.236,0.942,1.686,1.212,1.265,2.566,0.997,1.458,2.246,0.876,1.282,1.139,0.953,1.036,0.971,0.934,0.932,0.994,0.956,1.15,0.938,1.301,0.986,0.954,1.009,39.204,3.601,4.344,32.098,20.606,1.342,1.774,1.402,1.186,0.753,8.989,13.056,0.916,2.265,8.41,1.559,5.252,2.959,1.059,11.149,20.349,3.396,7.808,2.369,9.115,22.1,10.715,4.037,8.646,17.442,21,0,468.599,30,0,0,0,95,0,39,50.438,68.988,80.223,118.551,145.492,153.071,160.788,168.878,176.283,183.302,199.858,218.912,226.288,235.799,250.089,257.931,269.323,278.236,285.332,302.454,328.739,338.068,351.872,360.198,375.464,403.503,420.52,430.543,445.146,468.598,1,1,1,1,1,1,1,1,1,1,1,1,1,1,1,1,1,1,1,1,1,1,1,1,1,1,1,1,1,1,0,0,0,0,0,0,0,0,0,0,0,0,0,0,0,0,0,0,0,0,0,0,0,0,0,0,0,0,0,0,50.438,68.988,80.223,118.551,145.492,153.071,160.788,168.878,176.283,183.302,199.858,218.912,226.288,235.799,250.089,257.931,269.323,278.236,285.332,302.454,328.739,338.068,351.872,360.198,375.464,403.503,420.52,430.543,445.146,468.598,,,,
EnF118m7,11_13     ,m,VAChT^flox/flox,VAChT^En1-Cre-flox/flox,OK_En1CreVAChTfx_Extinction,Single-housed,Diurnal light cycle,Dr. Marco Prado - Robarts Research Institute - Ornela-Kljakic,Extinction_Training,,,Extinction Touch - Helena - DP,EXTINCTION TRAIN,30,750,2015-07-10 5:23:30 PM,3.214,2.413,19.451,10.764,1.015,12.608,4.127,1.614,0.302,,,43.014,11.145,19.785,18.634,8.438,4.114,1.139,8.85,1.896,16.104,2.537,3.066,5.368,1.527,1.552,2.633,0.731,6.19,3.151,2.502,0.373,6.845,2.1,1.131,0.691,0.752,2.193,7.242,9.925,1.903,1.126,1.103,0.852,1.002,1.182,1.746,1.834,1.12,0.74,0.992,0.738,1.767,1.447,9.22,1.017,1.837,0.964,0.987,1.753,0.688,0.951,0.724,1.372,0.745,0.863,1.677,1.371,0.732,0.657,0.807,43.014,11.145,19.785,18.634,8.438,4.114,1.139,8.85,1.896,16.104,2.537,3.066,5.368,1.527,1.552,2.633,0.731,6.19,3.151,2.502,0.373,6.845,2.1,1.131,0.691,0.752,2.193,7.242,9.925,1.903,14,2,392.63,30,2,0,1,55,128,40,54.179,71.428,97.068,121.705,136.326,147.189,155.163,170.135,177.772,199.869,208.146,217.98,229.796,245.545,253.116,262.587,269.283,281.462,291.367,299.559,305.886,318.456,326.93,333.807,340.362,347.793,356.358,369.334,384.917,392.63,1,1,1,1,1,1,1,1,1,1,1,1,1,1,1,1,1,1,1,1,1,1,1,1,1,1,1,1,1,1,0,0,0,0,0,0,0,0,0,0,0,0,0,0,0,0,0,0,0,0,0,0,0,0,0,0,0,0,0,0,54.179,71.428,97.068,121.705,136.326,147.189,155.163,170.135,177.772,199.869,208.146,217.98,229.796,245.545,253.116,262.587,269.283,281.462,291.367,299.559,305.886,318.456,326.93,333.807,340.362,347.793,356.358,369.334,384.917,392.63,,,,
EnF118m7,11_13     ,m,VAChT^flox/flox,VAChT^En1-Cre-flox/flox,OK_En1CreVAChTfx_Extinction,Single-housed,Diurnal light cycle,Dr. Marco Prado - Robarts Research Institute - Ornela-Kljakic,Extinction_Training,,,Extinction Touch - Helena - DP,EXTINCTION TRAIN,30,750,2015-07-09 5:24:41 PM,2.649,8.376,2.588,0.477,3.355,1.502,0.58,,,,,22.809,10.395,4.684,3.836,11.413,13.909,2.371,10.776,1.792,3.845,2.708,2.128,1.312,0.431,1.07,0.908,2.9,4.953,4.239,0.519,0.937,3.304,0.738,0.538,2.138,1.129,0.893,2.499,1.607,4.9,0.937,1.125,1.167,0.735,0.757,0.803,1.129,0.859,1.678,2.506,0.763,1.254,0.787,1.673,0.704,1.035,0.934,1.272,1.011,1.297,1.015,0.78,1.449,0.91,1.32,1.114,1.151,1.385,1.17,1.238,22.809,10.395,4.684,3.836,11.413,13.909,2.371,10.776,1.792,3.845,2.708,2.128,1.312,0.431,1.07,0.908,2.9,4.953,4.239,0.519,0.937,3.304,0.738,0.538,2.138,1.129,0.893,2.499,1.607,4.9,11,4,314.754,30,3,0,3,52,177,33,33.784,50.304,61.157,70.729,87.901,107.614,116.116,132.752,141.223,152.576,161.05,169.433,176.532,183.637,190.413,197.394,206.229,217.456,227.706,234.525,241.479,250.563,257.752,264.201,272.66,279.905,286.951,295.835,303.615,314.754,1,1,1,1,1,1,1,1,1,1,1,1,1,1,1,1,1,1,1,1,1,1,1,1,1,1,1,1,1,1,0,0,0,0,0,0,0,0,0,0,0,0,0,0,0,0,0,0,0,0,0,0,0,0,0,0,0,0,0,0,33.784,50.304,61.157,70.729,87.901,107.614,116.116,132.752,141.223,152.576,161.05,169.433,176.532,183.637,190.413,197.394,206.229,217.456,227.706,234.525,241.479,250.563,257.752,264.201,272.66,279.905,286.951,295.835,303.615,314.754,,,,
EnF118m7,11_13     ,m,VAChT^flox/flox,VAChT^En1-Cre-flox/flox,OK_En1CreVAChTfx_Extinction,Single-housed,Diurnal light cycle,Dr. Marco Prado - Robarts Research Institute - Ornela-Kljakic,Extinction_Training,,,Extinction Touch - Helena - DP,EXTINCTION TRAIN,30,750,2015-07-08 5:24:30 PM,8.834,1.394,0.886,2.008,5.986,,,,,,,24.373,6.975,0.274,1.088,0.308,3.764,3.126,0.895,1.459,2.298,3.361,1.955,0.853,2.486,1.309,2.064,1.927,0.527,1.325,1.639,1.677,1.09,1.163,6.95,8.405,0.831,10.637,0.479,0.922,4.85,0.895,0.717,0.755,0.882,0.789,2.255,0.699,0.755,1.011,0.73,0.738,2.366,0.734,0.783,0.739,0.712,1.786,1.15,0.679,0.792,0.902,0.771,1.177,0.831,0.749,1.431,1.406,0.714,1.025,0.9,24.373,6.975,0.274,1.088,0.308,3.764,3.126,0.895,1.459,2.298,3.361,1.955,0.853,2.486,1.309,2.064,1.927,0.527,1.325,1.639,1.677,1.09,1.163,6.95,8.405,0.831,10.637,0.479,0.922,4.85,7,2,284.08,30,5,0,3,58,152,37,35.408,48.104,54.135,61.107,67.205,78.226,87.054,93.705,101.178,109.207,118.309,127.633,134.221,142.492,149.541,157.318,166.033,172.711,179.716,187.15,194.73,201.592,208.933,221.717,235.874,243.137,260.182,266.377,273.325,284.08,1,1,1,1,1,1,1,1,1,1,1,1,1,1,1,1,1,1,1,1,1,1,1,1,1,1,1,1,1,1,0,0,0,0,0,0,0,0,0,0,0,0,0,0,0,0,0,0,0,0,0,0,0,0,0,0,0,0,0,0,35.408,48.104,54.135,61.107,67.205,78.226,87.054,93.705,101.178,109.207,118.309,127.633,134.221,142.492,149.541,157.318,166.033,172.711,179.716,187.15,194.73,201.592,208.933,221.717,235.874,243.137,260.182,266.377,273.325,284.08,,,,
EnF118m7,11_13     ,m,VAChT^flox/flox,VAChT^En1-Cre-flox/flox,OK_En1CreVAChTfx_Extinction,Single-housed,Diurnal light cycle,Dr. Marco Prado - Robarts Research Institute - Ornela-Kljakic,Extinction_Training,,,Extinction Touch - Helena - DP,EXTINCTION TRAIN,30,750,2015-07-07 5:10:14 PM,2.224,0.653,0.932,0.013,1.669,1.669,2.076,3.55,2.333,,,1.725,57.147,5.589,7.686,1.402,1.918,1.686,1.303,4.494,1.614,1.492,0.921,5.642,4.424,16.157,1.554,2.435,1.045,1.43,0.911,17.112,13.28,0.89,0.911,0.562,2.31,1.831,1.614,2.437,0.942,0.89,1.107,2.095,0.737,0.77,0.712,0.775,0.793,0.938,1.189,0.691,0.761,0.759,0.663,1.871,0.734,0.692,0.72,1.445,1.296,0.795,0.662,0.777,0.788,0.918,1.115,0.702,0.792,1.313,0.687,1.725,57.147,5.589,7.686,1.402,1.918,1.686,1.303,4.494,1.614,1.492,0.921,5.642,4.424,16.157,1.554,2.435,1.045,1.43,0.911,17.112,13.28,0.89,0.911,0.562,2.31,1.831,1.614,2.437,0.942,20,1,345.81,30,5,0,1,51,198,39,12.721,75.977,88.662,102.087,109.261,116.893,124.357,131.456,141.89,149.694,156.88,163.563,174.965,185.053,208.083,215.374,223.502,230.269,238.146,245.354,268.263,287.207,293.875,300.576,307.057,315.484,323.019,330.427,339.179,345.809,1,1,1,1,1,1,1,1,1,1,1,1,1,1,1,1,1,1,1,1,1,1,1,1,1,1,1,1,1,1,0,0,0,0,0,0,0,0,0,0,0,0,0,0,0,0,0,0,0,0,0,0,0,0,0,0,0,0,0,0,12.721,75.977,88.662,102.087,109.261,116.893,124.357,131.456,141.89,149.694,156.88,163.563,174.965,185.053,208.083,215.374,223.502,230.269,238.146,245.354,268.263,287.207,293.875,300.576,307.057,315.484,323.019,330.427,339.179,345.809,,,,
EnF122m4,11_13     ,m,VAChT^flox/flox,VAChT^En1-Cre-flox/flox,OK_En1CreVAChTfx_Extinction,Single-housed,Diurnal light cycle,Dr. Marco Prado - Robarts Research Institute - Ornela-Kljakic,Extinction_Training,,,Extinction Touch - Helena - DP,EXTINCTION TRAIN,30,750,2015-07-06 5:26:17 PM,28.715,2.297,15.303,2.429,2.744,3.437,10.543,0.37,5.756,2.489,,94.999,27.888,36.367,26.142,11.813,0.76,21.173,6.844,0.578,25.179,14.205,2.461,5.524,4.867,5.441,1.689,25.459,1.141,4.273,2.562,3.591,10.199,15.016,1.129,4.012,7.406,5.581,4.607,1.391,4.069,0.771,0.757,0.785,0.675,0.737,1.059,0.679,0.746,0.661,0.741,1.691,0.767,0.716,0.701,0.81,0.691,0.85,0.787,0.649,0.679,0.96,0.712,0.703,0.721,0.67,0.61,0.835,0.79,0.773,0.702,94.999,27.888,36.367,26.142,11.813,0.76,21.173,6.844,0.578,25.179,14.205,2.461,5.524,4.867,5.441,1.689,25.459,1.141,4.273,2.562,3.591,10.199,15.016,1.129,4.012,7.406,5.581,4.607,1.391,4.069,19,3,554.874,30,13,0,1,78,184,39,105.798,139.445,181.599,213.42,230.972,237.792,264.645,277.237,283.477,314.398,335.295,343.525,354.766,365.336,376.588,383.969,415.281,422.21,432.134,440.377,449.929,465.841,486.562,493.415,503.099,516.116,527.536,537.935,545.101,554.874,1,1,1,1,1,1,1,1,1,1,1,1,1,1,1,1,1,1,1,1,1,1,1,1,1,1,1,1,1,1,0,0,0,0,0,0,0,0,0,0,0,0,0,0,0,0,0,0,0,0,0,0,0,0,0,0,0,0,0,0,105.798,139.445,181.599,213.42,230.972,237.792,264.645,277.237,283.477,314.398,335.295,343.525,354.766,365.336,376.588,383.969,415.281,422.21,432.134,440.377,449.929,465.841,486.562,493.415,503.099,516.116,527.536,537.935,545.101,554.874,,,,
EnF116m6,11_13     ,m, VAChT^En1-Cre-flox/flox,VAChT^En1-Cre-flox/flox,OK_En1CreVAChTfx_Extinction,Single-housed,Diurnal light cycle,Dr. Marco Prado - Robarts Research Institute - Ornela-Kljakic,Extinction_Training,,,Extinction Touch - Helena - DP,EXTINCTION TRAIN,30,750,2015-08-07 2:00:11 PM,0.073,1.211,3.993,3.072,,,,,,,,23.674,1.463,9.797,0.454,0.512,3.275,0.853,4.646,4.373,70.211,2.698,4.767,2.501,1.593,4.619,2.185,3.855,1.899,4.855,0.7,12.702,3.364,0.894,1.676,0.514,1.453,0.94,2.053,1.201,4.36,0.917,1.075,0.909,1.229,1.182,1.341,4.91,1.295,1.049,1.133,1.107,1.335,1.058,1.019,1.178,1.338,1.014,1.359,1.082,1.027,1.214,1.289,1.199,1.179,1.877,1.032,0.949,1.245,0.931,3.286,23.674,1.463,9.797,0.454,0.512,3.275,0.853,4.646,4.373,70.211,2.698,4.767,2.501,1.593,4.619,2.185,3.855,1.899,4.855,0.7,12.702,3.364,0.894,1.676,0.514,1.453,0.94,2.053,1.201,4.36,10,0,373.926,30,1,0,2,102,0,40,34.643,42.182,57.889,64.572,71.267,80.884,91.648,102.59,113.013,189.358,198.164,209.268,217.828,225.442,236.239,244.765,254.634,262.893,273.83,280.558,299.475,309.13,316.223,324.079,331.472,338.958,345.848,354.147,361.279,373.926,1,1,1,1,1,1,1,1,1,1,1,1,1,1,1,1,1,1,1,1,1,1,1,1,1,1,1,1,1,1,0,0,0,0,0,0,0,0,0,0,0,0,0,0,0,0,0,0,0,0,0,0,0,0,0,0,0,0,0,0,34.643,42.182,57.889,64.572,71.267,80.884,91.648,102.59,113.013,189.358,198.164,209.268,217.828,225.442,236.239,244.765,254.634,262.893,273.83,280.558,299.475,309.13,316.223,324.079,331.472,338.958,345.848,354.147,361.279,373.926,,,,
EnF118m8,11_13     ,m, VAChT^En1-Cre-flox/flox,VAChT^En1-Cre-flox/flox,OK_En1CreVAChTfx_Extinction,Single-housed,Diurnal light cycle,Dr. Marco Prado - Robarts Research Institute - Ornela-Kljakic,Extinction_Training,,,Extinction Touch - Helena - DP,EXTINCTION TRAIN,30,750,2015-08-06 3:29:23 PM,1.074,25.46,2.722,,,,,,,,,12.638,1.433,1.096,11.535,2.465,26.257,0.776,2.614,7.498,4.021,1.657,1.53,1.593,3.198,7.008,0.44,0.694,1.561,2.803,0.635,1.513,8.851,0.673,2.99,1.497,6.703,1.497,0.474,2.033,0.235,0.879,0.919,0.849,0.946,0.861,0.921,1.038,0.957,0.83,0.871,0.882,0.9,0.922,1.122,0.871,1.081,0.96,3.802,0.932,0.843,0.904,2.428,1.044,0.778,0.828,0.918,0.868,0.983,0.743,0.968,12.638,1.433,1.096,11.535,2.465,26.257,0.776,2.614,7.498,4.021,1.657,1.53,1.593,3.198,7.008,0.44,0.694,1.561,2.803,0.635,1.513,8.851,0.673,2.99,1.497,6.703,1.497,0.474,2.033,0.235,3,0,304.869,30,0,0,0,85,0,33,23.575,30.929,37.875,55.359,63.688,95.867,102.682,111.254,124.583,134.478,142.017,149.448,156.966,166.287,179.167,185.689,192.344,202.709,211.445,217.926,225.344,241.625,248.344,257.114,264.44,277.062,284.428,290.886,298.663,304.869,1,1,1,1,1,1,1,1,1,1,1,1,1,1,1,1,1,1,1,1,1,1,1,1,1,1,1,1,1,1,0,0,0,0,0,0,0,0,0,0,0,0,0,0,0,0,0,0,0,0,0,0,0,0,0,0,0,0,0,0,23.575,30.929,37.875,55.359,63.688,95.867,102.682,111.254,124.583,134.478,142.017,149.448,156.966,166.287,179.167,185.689,192.344,202.709,211.445,217.926,225.344,241.625,248.344,257.114,264.44,277.062,284.428,290.886,298.663,304.869,,,,
EnF116m6,11_13     ,m, VAChT^En1-Cre-flox/flox,VAChT^En1-Cre-flox/flox,OK_En1CreVAChTfx_Extinction,Single-housed,Diurnal light cycle,Dr. Marco Prado - Robarts Research Institute - Ornela-Kljakic,Extinction_Training,,,Extinction Touch - Helena - DP,EXTINCTION TRAIN,30,750,2015-08-06 3:12:41 PM,7.888,1.644,1.924,,,,,,,,,38.355,9.029,0.735,1.018,1.717,1.434,2.558,2.333,2.952,1.974,0.459,3.969,4.611,2.556,0.994,0.494,10.782,2.054,0.395,1.836,0.915,3.018,0.335,9.865,4.569,1.118,0.854,2.479,1.158,2.893,1.049,1.13,1.191,1.149,0.925,1.037,1.344,1.06,1.096,1.455,1.431,6.172,1.118,1.18,1.152,1.318,0.908,1.161,1.447,1.219,0.984,1.006,1.16,0.955,1.021,1.102,2.201,2.328,0.996,1.078,38.355,9.029,0.735,1.018,1.717,1.434,2.558,2.333,2.952,1.974,0.459,3.969,4.611,2.556,0.994,0.494,10.782,2.054,0.395,1.836,0.915,3.018,0.335,9.865,4.569,1.118,0.854,2.479,1.158,2.893,8,0,314.014,30,0,0,1,74,0,32,49.519,64.679,71.608,78.776,86.421,93.894,102.798,111.193,120.244,128.675,135.567,150.71,161.44,170.178,177.326,184.139,200.833,209.053,215.897,223.955,230.857,239.883,246.378,262.201,272.793,280.015,288.071,297.881,305.039,314.014,1,1,1,1,1,1,1,1,1,1,1,1,1,1,1,1,1,1,1,1,1,1,1,1,1,1,1,1,1,1,0,0,0,0,0,0,0,0,0,0,0,0,0,0,0,0,0,0,0,0,0,0,0,0,0,0,0,0,0,0,49.519,64.679,71.608,78.776,86.421,93.894,102.798,111.193,120.244,128.675,135.567,150.71,161.44,170.178,177.326,184.139,200.833,209.053,215.897,223.955,230.857,239.883,246.378,262.201,272.793,280.015,288.071,297.881,305.039,314.014,,,,
EnF118m8,11_13     ,m, VAChT^En1-Cre-flox/flox,VAChT^En1-Cre-flox/flox,OK_En1CreVAChTfx_Extinction,Single-housed,Diurnal light cycle,Dr. Marco Prado - Robarts Research Institute - Ornela-Kljakic,Extinction_Training,,,Extinction Touch - Helena - DP,EXTINCTION TRAIN,30,750,2015-08-05 2:59:12 PM,4.09,0.051,2.489,1.856,,,,,,,,3.606,7.723,7.342,5.444,6.506,7.577,2.495,3.915,2.66,2.388,9.186,4.204,0.947,1.502,3.462,2.247,4.804,3.263,4.967,2.388,2.068,0.733,2.381,2.541,0.758,3.381,2.555,1.758,1.43,0.438,1.179,1.202,0.858,1.508,1.419,0.892,1.95,0.999,0.977,0.977,1.572,0.999,1.107,3.391,1.32,1.169,0.826,0.875,2.24,1.797,0.88,1.067,0.956,0.95,4.415,0.791,1.005,0.94,0.897,1.051,3.606,7.723,7.342,5.444,6.506,7.577,2.495,3.915,2.66,2.388,9.186,4.204,0.947,1.502,3.462,2.247,4.804,3.263,4.967,2.388,2.068,0.733,2.381,2.541,0.758,3.381,2.555,1.758,1.43,0.438,7,0,300.07,30,0,0,4,59,0,46,14.906,28.834,42.036,53.99,66.918,80.389,89.84,99.755,108.394,116.761,132.522,142.726,149.783,159.678,169.462,177.879,188.51,197.651,209.859,219.051,227.002,233.804,242.142,250.635,260.811,269.985,278.548,286.248,293.579,300.07,1,1,1,1,1,1,1,1,1,1,1,1,1,1,1,1,1,1,1,1,1,1,1,1,1,1,1,1,1,1,0,0,0,0,0,0,0,0,0,0,0,0,0,0,0,0,0,0,0,0,0,0,0,0,0,0,0,0,0,0,14.906,28.834,42.036,53.99,66.918,80.389,89.84,99.755,108.394,116.761,132.522,142.726,149.783,159.678,169.462,177.879,188.51,197.651,209.859,219.051,227.002,233.804,242.142,250.635,260.811,269.985,278.548,286.248,293.579,300.07,,,,
EnF116m6,11_13     ,m, VAChT^En1-Cre-flox/flox,VAChT^En1-Cre-flox/flox,OK_En1CreVAChTfx_Extinction,Single-housed,Diurnal light cycle,Dr. Marco Prado - Robarts Research Institute - Ornela-Kljakic,Extinction_Training,,,Extinction Touch - Helena - DP,EXTINCTION TRAIN,30,750,2015-08-05 2:43:28 PM,35.909,58.648,31.969,1.094,1.581,1.791,,,,,,63.031,22.217,108.998,3.449,41.953,12.154,43.776,4.735,3.555,6.743,0.895,1.901,1.088,2.166,1.087,1.043,6.791,2.907,0.609,0.745,5.171,16.743,1.17,0.863,1.02,4.841,4.419,9.126,2.163,11.09,2.441,1.942,0.981,1.087,1.112,1.378,1.705,3.417,1.004,1.521,1.289,1.502,1.232,1.564,1.712,1.433,1.106,0.931,1.757,1.502,2.009,5.23,0.964,1.435,1.09,1.059,1.114,1.06,1.049,0.982,63.031,22.217,108.998,3.449,41.953,12.154,43.776,4.735,3.555,6.743,0.895,1.901,1.088,2.166,1.087,1.043,6.791,2.907,0.609,0.745,5.171,16.743,1.17,0.863,1.02,4.841,4.419,9.126,2.163,11.09,16,0,588.124,30,0,0,1,153,0,40,75.502,104.662,219.642,229.181,277.247,295.78,346.264,359.417,368.978,382.243,389.427,397.833,405.153,413.884,421.685,429.161,442.061,450.899,458.267,465.514,477.695,504.67,511.804,519.103,526.214,537.114,547.649,562.837,571.05,588.124,1,1,1,1,1,1,1,1,1,1,1,1,1,1,1,1,1,1,1,1,1,1,1,1,1,1,1,1,1,1,0,0,0,0,0,0,0,0,0,0,0,0,0,0,0,0,0,0,0,0,0,0,0,0,0,0,0,0,0,0,75.502,104.662,219.642,229.181,277.247,295.78,346.264,359.417,368.978,382.243,389.427,397.833,405.153,413.884,421.685,429.161,442.061,450.899,458.267,465.514,477.695,504.67,511.804,519.103,526.214,537.114,547.649,562.837,571.05,588.124,,,,
EnF118m8,11_13     ,m, VAChT^En1-Cre-flox/flox,VAChT^En1-Cre-flox/flox,OK_En1CreVAChTfx_Extinction,Single-housed,Diurnal light cycle,Dr. Marco Prado - Robarts Research Institute - Ornela-Kljakic,Extinction_Training,,,Extinction Touch - Helena - DP,EXTINCTION TRAIN,30,750,2015-08-04 2:35:34 PM,0.507,4.191,2.777,10.627,0.16,0.304,14.96,0.421,,,,0.97,1.084,3.418,2.082,2.488,5.658,6.704,1.165,6.94,6.371,10.899,12.32,4.042,1.201,4.596,3.02,0.854,0.351,1.189,17.318,0.405,1.001,0.51,1.675,0.537,1.851,6.181,0.438,1.084,5.331,1.146,0.875,3.145,0.801,0.902,1.019,9.403,1.611,2.436,0.906,0.882,4.814,0.975,2.209,0.949,0.956,1.019,1.864,0.885,0.991,1.363,1.101,0.935,1.086,0.927,1.425,1.044,1.112,1.066,2.307,0.97,1.084,3.418,2.082,2.488,5.658,6.704,1.165,6.94,6.371,10.899,12.32,4.042,1.201,4.596,3.02,0.854,0.351,1.189,17.318,0.405,1.001,0.51,1.675,0.537,1.851,6.181,0.438,1.084,5.331,13,0,318.384,30,0,0,0,76,0,40,12.154,19.115,30.68,38.564,46.957,58.637,80.356,88.972,103.349,115.627,132.411,154.546,164.566,172.978,183.526,192.504,199.378,206.596,213.672,236.982,243.752,250.856,257.303,265.067,271.533,279.811,292.039,298.592,305.744,318.384,1,1,1,1,1,1,1,1,1,1,1,1,1,1,1,1,1,1,1,1,1,1,1,1,1,1,1,1,1,1,0,0,0,0,0,0,0,0,0,0,0,0,0,0,0,0,0,0,0,0,0,0,0,0,0,0,0,0,0,0,12.154,19.115,30.68,38.564,46.957,58.637,80.356,88.972,103.349,115.627,132.411,154.546,164.566,172.978,183.526,192.504,199.378,206.596,213.672,236.982,243.752,250.856,257.303,265.067,271.533,279.811,292.039,298.592,305.744,318.384,,,,
EnF119m5,11_13     ,m,VAChT^flox/flox,VAChT^En1-Cre-flox/flox,OK_En1CreVAChTfx_Extinction,Single-housed,Diurnal light cycle,Dr. Marco Prado - Robarts Research Institute - Ornela-Kljakic,Extinction_Training,,,Extinction Touch - Helena - DP,EXTINCTION TRAIN,30,750,2015-08-12 3:14:23 PM,2.956,0.255,7.649,,,,,,,,,5.712,3.064,4.493,3.93,10.113,0.674,4.056,3.592,10.624,1.662,2.366,2.508,5.353,1.502,0.782,1.474,2.319,1.409,1.375,1.19,1.315,2.723,2.642,9.889,1.106,0.537,2.594,6.53,1.458,7.774,0.794,1.66,0.857,0.74,0.822,0.828,0.879,0.884,0.82,0.891,0.851,0.809,1.001,0.815,10.275,0.766,0.813,0.916,1.005,0.883,0.85,1.202,0.93,1.804,0.745,0.857,1.304,0.86,0.802,0.994,5.712,3.064,4.493,3.93,10.113,0.674,4.056,3.592,10.624,1.662,2.366,2.508,5.353,1.502,0.782,1.474,2.319,1.409,1.375,1.19,1.315,2.723,2.642,9.889,1.106,0.537,2.594,6.53,1.458,7.774,6,0,299.472,30,1,0,0,62,99,36,16.618,26.343,36.695,46.366,62.302,68.805,78.742,88.219,104.664,112.218,120.438,128.755,140.111,147.43,163.488,170.73,178.865,186.195,193.577,200.651,207.817,216.745,225.318,242.012,248.866,255.261,264.159,276.55,283.814,298.948,1,1,1,1,1,1,1,1,1,1,1,1,1,1,1,1,1,1,1,1,1,1,1,1,1,1,1,1,1,1,0,0,0,0,0,0,0,0,0,0,0,0,0,0,0,0,0,0,0,0,0,0,0,0,0,0,0,0,0,0,16.618,26.343,36.695,46.366,62.302,68.805,78.742,88.219,104.664,112.218,120.438,128.755,140.111,147.43,163.488,170.73,178.865,186.195,193.577,200.651,207.817,216.745,225.318,242.012,248.866,255.261,264.159,276.55,283.814,298.948,,,,
EnF119m5,11_13     ,m,VAChT^flox/flox,VAChT^En1-Cre-flox/flox,OK_En1CreVAChTfx_Extinction,Single-housed,Diurnal light cycle,Dr. Marco Prado - Robarts Research Institute - Ornela-Kljakic,Extinction_Training,,,Extinction Touch - Helena - DP,EXTINCTION TRAIN,30,750,2015-08-11 3:39:32 PM,3.13,4.248,1.464,5.21,,,,,,,,12.031,6.985,15.573,1.679,1.63,1.873,3.762,7.246,8.38,1.92,1.398,0.675,4.292,1.255,1.514,7.675,3.82,16.213,1.714,1.295,0.895,3.769,0.576,3.253,4.02,3.955,10.206,2.681,4.051,16.831,8.695,0.786,0.768,1.106,2.039,1.036,0.828,0.882,0.957,0.922,0.951,0.828,1.713,0.998,0.905,0.95,0.91,0.804,0.813,0.813,0.777,0.869,0.861,0.924,0.755,1.798,1.385,0.81,0.899,0.788,12.031,6.985,15.573,1.679,1.63,1.873,3.762,7.246,8.38,1.92,1.398,0.675,4.292,1.255,1.514,7.675,3.82,16.213,1.714,1.295,0.895,3.769,0.576,3.253,4.02,3.955,10.206,2.681,4.051,16.831,5,0,344.017,30,0,0,0,100,122,39,30.898,43.671,65.015,72.802,81.473,89.384,98.976,112.107,126.446,134.292,141.643,148.147,159.155,166.41,173.831,187.458,197.19,219.209,226.738,233.849,240.523,250.163,256.602,265.781,275.559,286.314,302.95,311.443,321.396,344.017,1,1,1,1,1,1,1,1,1,1,1,1,1,1,1,1,1,1,1,1,1,1,1,1,1,1,1,1,1,1,0,0,0,0,0,0,0,0,0,0,0,0,0,0,0,0,0,0,0,0,0,0,0,0,0,0,0,0,0,0,30.898,43.671,65.015,72.802,81.473,89.384,98.976,112.107,126.446,134.292,141.643,148.147,159.155,166.41,173.831,187.458,197.19,219.209,226.738,233.849,240.523,250.163,256.602,265.781,275.559,286.314,302.95,311.443,321.396,344.017,,,,
EnF119m5,11_13     ,m,VAChT^flox/flox,VAChT^En1-Cre-flox/flox,OK_En1CreVAChTfx_Extinction,Single-housed,Diurnal light cycle,Dr. Marco Prado - Robarts Research Institute - Ornela-Kljakic,Extinction_Training,,,Extinction Touch - Helena - DP,EXTINCTION TRAIN,30,750,2015-08-10 3:17:29 PM,4.718,10.981,7.911,14.053,0.499,2.601,,,,,,10.192,34.563,11.576,2.113,23.381,21.108,6.679,1.706,1.274,0.657,1.3,5.491,1.156,8.808,1.232,0.754,1.695,0.858,1.214,8.461,4.032,0.953,4.334,2.133,0.735,1.058,1.017,1.539,2.074,4.796,4.437,0.953,1.898,1.481,1.071,1.178,29.238,0.85,1.113,1.333,1.016,1.076,0.931,1.105,0.884,1.079,1.195,1.043,0.948,0.872,1.222,0.866,0.943,5.039,0.965,0.839,1.119,1.086,1.322,0.83,10.192,34.563,11.576,2.113,23.381,21.108,6.679,1.706,1.274,0.657,1.3,5.491,1.156,8.808,1.232,0.754,1.695,0.858,1.214,8.461,4.032,0.953,4.334,2.133,0.735,1.058,1.017,1.539,2.074,4.796,16,0,389.916,30,1,0,0,43,116,44,24.662,65.18,83.656,92.252,121.706,148.993,189.911,197.469,204.859,211.851,219.169,230.739,237.828,252.744,259.862,266.697,274.59,281.493,288.657,302.992,313.249,320.07,330.35,342.524,349.225,356.124,363.262,370.889,379.288,389.915,1,1,1,1,1,1,1,1,1,1,1,1,1,1,1,1,1,1,1,1,1,1,1,1,1,1,1,1,1,1,0,0,0,0,0,0,0,0,0,0,0,0,0,0,0,0,0,0,0,0,0,0,0,0,0,0,0,0,0,0,24.662,65.18,83.656,92.252,121.706,148.993,189.911,197.469,204.859,211.851,219.169,230.739,237.828,252.744,259.862,266.697,274.59,281.493,288.657,302.992,313.249,320.07,330.35,342.524,349.225,356.124,363.262,370.889,379.288,389.915,,,,
EnF118m8,11_13     ,m, VAChT^En1-Cre-flox/flox,VAChT^En1-Cre-flox/flox,OK_En1CreVAChTfx_Extinction,Single-housed,Diurnal light cycle,Dr. Marco Prado - Robarts Research Institute - Ornela-Kljakic,Extinction_Training,,,Extinction Touch - Helena - DP,EXTINCTION TRAIN,30,750,2015-08-08 3:35:36 PM,41.81,2.059,11.299,,,,,,,,,64.255,5.263,9.66,10.333,3.141,2.34,6.983,4.763,13.277,12.125,1.287,2.277,8.928,1.164,5.987,6.434,2.722,24.731,0.445,10.776,0.45,2.562,3.209,5.564,5.227,3.057,1.447,13.189,42.642,2.644,1.023,0.906,0.909,1.14,0.708,0.69,0.765,0.883,0.754,1.353,1.038,0.793,0.903,0.773,0.714,1.07,0.688,0.907,0.71,0.821,0.793,0.928,0.825,0.87,0.82,0.729,0.774,0.779,0.794,0.805,64.255,5.263,9.66,10.333,3.141,2.34,6.983,4.763,13.277,12.125,1.287,2.277,8.928,1.164,5.987,6.434,2.722,24.731,0.445,10.776,0.45,2.562,3.209,5.564,5.227,3.057,1.447,13.189,42.642,2.644,3,1,457.634,30,1,0,0,89,206,79,75.312,86.482,102.053,118.527,127.377,135.408,148.16,158.807,177.839,196.319,203.645,211.716,226.549,233.487,245.189,257.695,266.117,296.756,302.912,319.51,325.755,334.246,343.282,354.717,365.766,374.553,381.777,400.746,449.184,457.634,1,1,1,1,1,1,1,1,1,1,1,1,1,1,1,1,1,1,1,1,1,1,1,1,1,1,1,1,1,1,0,0,0,0,0,0,0,0,0,0,0,0,0,0,0,0,0,0,0,0,0,0,0,0,0,0,0,0,0,0,75.312,86.482,102.053,118.527,127.377,135.408,148.16,158.807,177.839,196.319,203.645,211.716,226.549,233.487,245.189,257.695,266.117,296.756,302.912,319.51,325.755,334.246,343.282,354.717,365.766,374.553,381.777,400.746,449.184,457.634,,,,
EnF116m6,11_13     ,m, VAChT^En1-Cre-flox/flox,VAChT^En1-Cre-flox/flox,OK_En1CreVAChTfx_Extinction,Single-housed,Diurnal light cycle,Dr. Marco Prado - Robarts Research Institute - Ornela-Kljakic,Extinction_Training,,,Extinction Touch - Helena - DP,EXTINCTION TRAIN,30,750,2015-08-08 3:35:00 PM,4.571,0.533,0.601,0.328,0.865,0.305,0.701,,,,,18.447,3.726,15.784,0.28,1.956,1.251,2.285,0.939,0.595,0.3,2.66,1.164,0.721,0.977,0.569,0.894,0.449,1.125,8.214,0.607,1.277,4.414,3.732,6.779,13.405,1.529,1.598,2.721,0.674,0.92,0.961,0.792,1.09,0.968,0.943,0.904,1.374,1.413,1.132,1.005,1.005,0.819,1.13,0.926,1.458,0.856,1.318,0.848,1.814,0.93,1.038,0.961,1.126,0.844,1.199,0.929,0.967,0.955,1.045,0.886,18.447,3.726,15.784,0.28,1.956,1.251,2.285,0.939,0.595,0.3,2.66,1.164,0.721,0.977,0.569,0.894,0.449,1.125,8.214,0.607,1.277,4.414,3.732,6.779,13.405,1.529,1.598,2.721,0.674,0.92,10,1,286.826,30,1,0,2,35,94,33,29.54,39.059,60.934,67.186,75.088,82.244,90.904,98.258,104.986,111.292,119.958,126.942,133.795,140.699,147.727,154.478,161.247,168.222,183.265,189.809,197.125,207.502,217.361,229.986,249.591,257.05,264.619,273.298,280.019,286.826,1,1,1,1,1,1,1,1,1,1,1,1,1,1,1,1,1,1,1,1,1,1,1,1,1,1,1,1,1,1,0,0,0,0,0,0,0,0,0,0,0,0,0,0,0,0,0,0,0,0,0,0,0,0,0,0,0,0,0,0,29.54,39.059,60.934,67.186,75.088,82.244,90.904,98.258,104.986,111.292,119.958,126.942,133.795,140.699,147.727,154.478,161.247,168.222,183.265,189.809,197.125,207.502,217.361,229.986,249.591,257.05,264.619,273.298,280.019,286.826,,,,
EnF118m8,11_13     ,m, VAChT^En1-Cre-flox/flox,VAChT^En1-Cre-flox/flox,OK_En1CreVAChTfx_Extinction,Single-housed,Diurnal light cycle,Dr. Marco Prado - Robarts Research Institute - Ornela-Kljakic,Extinction_Training,,,Extinction Touch - Helena - DP,EXTINCTION TRAIN,30,750,2015-08-07 2:20:44 PM,2.817,2.295,1.155,1.294,,,,,,,,18.028,17.737,7.113,8.525,1.383,4.098,4.058,2.923,5.182,7.164,26.145,2.52,5.077,19.474,13.4,6.571,4.631,4.611,5.658,5.431,0.999,11.373,0.993,2.518,5.932,1.175,7.769,2.301,2.693,0.896,0.863,0.835,1.28,0.915,0.85,1.453,0.975,0.953,0.832,0.9,4.652,0.928,0.781,0.799,0.801,0.741,0.803,0.794,0.786,0.746,0.795,0.913,0.721,0.875,0.795,0.825,0.836,1.098,0.733,0.828,18.028,17.737,7.113,8.525,1.383,4.098,4.058,2.923,5.182,7.164,26.145,2.52,5.077,19.474,13.4,6.571,4.631,4.611,5.658,5.431,0.999,11.373,0.993,2.518,5.932,1.175,7.769,2.301,2.693,0.896,7,0,391.586,30,1,0,1,91,0,39,28.923,52.498,65.893,80.335,87.571,98.126,108.161,117.038,128.054,141.121,176.92,185.37,196.23,221.505,240.708,253.023,263.46,273.867,285.317,296.495,303.292,320.58,327.296,335.691,347.421,354.423,368.03,376.431,384.859,391.586,1,1,1,1,1,1,1,1,1,1,1,1,1,1,1,1,1,1,1,1,1,1,1,1,1,1,1,1,1,1,0,0,0,0,0,0,0,0,0,0,0,0,0,0,0,0,0,0,0,0,0,0,0,0,0,0,0,0,0,0,28.923,52.498,65.893,80.335,87.571,98.126,108.161,117.038,128.054,141.121,176.92,185.37,196.23,221.505,240.708,253.023,263.46,273.867,285.317,296.495,303.292,320.58,327.296,335.691,347.421,354.423,368.03,376.431,384.859,391.586,,,,
EnF118m6,11_13     ,m, VAChT^En1-Cre-flox/flox,VAChT^En1-Cre-flox/flox,OK_En1CreVAChTfx_Extinction,Single-housed,Diurnal light cycle,Dr. Marco Prado - Robarts Research Institute - Ornela-Kljakic,Extinction_Training,,,Extinction Touch - Helena - DP,EXTINCTION TRAIN,30,750,2015-08-20 3:13:52 PM,15.886,9.293,,,,,,,,,,125.825,0.726,0.783,1.18,0.539,0.459,0.43,1.792,0.424,0.327,1.377,0.516,2.148,0.355,1.433,1.793,0.689,0.33,0.325,21.894,1.823,0.806,0.521,3.014,0.616,0.408,1.124,1.838,0.362,1.102,1.565,1.063,1.067,0.923,1.169,1.386,0.938,1.014,1.013,0.957,1.869,1.164,1.158,1.36,0.928,1.342,1.194,1.225,1.219,1.174,1.037,1.058,1.219,1.242,1.014,2.172,0.957,0.864,1.305,1.695,125.825,0.726,0.783,1.18,0.539,0.459,0.43,1.792,0.424,0.327,1.377,0.516,2.148,0.355,1.433,1.793,0.689,0.33,0.325,21.894,1.823,0.806,0.521,3.014,0.616,0.408,1.124,1.838,0.362,1.102,10,0,366.453,30,0,0,0,1,97,47,137.515,144.307,151.159,158.264,164.975,171.822,178.192,185.999,192.439,198.727,206.975,213.657,221.965,228.682,236.046,244.186,251.071,257.628,264.177,292.247,300.109,306.978,313.72,322.978,329.611,337.195,344.278,351.984,358.653,366.453,1,1,1,1,1,1,1,1,1,1,1,1,1,1,1,1,1,1,1,1,1,1,1,1,1,1,1,1,1,1,0,0,0,0,0,0,0,0,0,0,0,0,0,0,0,0,0,0,0,0,0,0,0,0,0,0,0,0,0,0,137.515,144.307,151.159,158.264,164.975,171.822,178.192,185.999,192.439,198.727,206.975,213.657,221.965,228.682,236.046,244.186,251.071,257.628,264.177,292.247,300.109,306.978,313.72,322.978,329.611,337.195,344.278,351.984,358.653,366.453,,,,
EnF118m6,11_13     ,m, VAChT^En1-Cre-flox/flox,VAChT^En1-Cre-flox/flox,OK_En1CreVAChTfx_Extinction,Single-housed,Diurnal light cycle,Dr. Marco Prado - Robarts Research Institute - Ornela-Kljakic,Extinction_Training,,,Extinction Touch - Helena - DP,EXTINCTION TRAIN,30,750,2015-08-19 2:37:25 PM,30.323,17.662,,,,,,,,,,57.669,6.654,44.228,6.788,1.833,2.586,2.543,1.207,1.663,2.904,4.292,3.933,2.184,0.696,2.442,1.419,0.659,1.116,1.583,2.79,0.949,3.022,0.779,1.643,4.71,1.086,1.074,1.892,2.755,1.341,33.982,1.26,1.201,1.212,0.943,1.279,1.068,1.089,1.231,1.771,1.017,1.409,1.09,1.04,1.141,1.226,1.19,1.584,1.127,2.795,1.004,1.15,1.83,1.082,1.333,1.134,1.01,1.172,1.187,0.995,57.669,6.654,44.228,6.788,1.833,2.586,2.543,1.207,1.663,2.904,4.292,3.933,2.184,0.696,2.442,1.419,0.659,1.116,1.583,2.79,0.949,3.022,0.779,1.643,4.71,1.086,1.074,1.892,2.755,1.341,5,0,394.182,30,0,0,1,46,65,39,101.764,114.681,165.112,178.115,185.893,194.76,203.373,210.671,218.567,228.245,238.556,248.9,257.18,263.919,272.506,280.154,287.005,294.707,302.419,313.005,319.961,329.135,336.745,344.473,355.52,362.743,369.832,377.9,386.844,394.182,1,1,1,1,1,1,1,1,1,1,1,1,1,1,1,1,1,1,1,1,1,1,1,1,1,1,1,1,1,1,0,0,0,0,0,0,0,0,0,0,0,0,0,0,0,0,0,0,0,0,0,0,0,0,0,0,0,0,0,0,101.764,114.681,165.112,178.115,185.893,194.76,203.373,210.671,218.567,228.245,238.556,248.9,257.18,263.919,272.506,280.154,287.005,294.707,302.419,313.005,319.961,329.135,336.745,344.473,355.52,362.743,369.832,377.9,386.844,394.182,,,,
EnF118m6,11_13     ,m, VAChT^En1-Cre-flox/flox,VAChT^En1-Cre-flox/flox,OK_En1CreVAChTfx_Extinction,Single-housed,Diurnal light cycle,Dr. Marco Prado - Robarts Research Institute - Ornela-Kljakic,Extinction_Training,,,Extinction Touch - Helena - DP,EXTINCTION TRAIN,30,750,2015-08-18 2:58:20 PM,30.165,29.672,,,,,,,,,,55.375,96.804,0.721,1.246,1.155,0.772,3.101,1.995,1.554,1.636,1.664,2.847,0.634,1.055,2.308,3.747,0.895,2.536,3.608,5.973,1.833,1.774,1.132,4.832,8.526,8.353,2.97,25.853,6.713,24.477,1.298,0.936,1.012,1.132,0.894,1.013,1.053,0.918,1.07,0.928,1.055,1.261,1.164,0.96,0.996,1.024,1.495,0.967,1.174,1.078,1.224,0.95,1.261,0.969,1.136,1.275,0.947,1.398,1.066,3.856,55.375,96.804,0.721,1.246,1.155,0.772,3.101,1.995,1.554,1.636,1.664,2.847,0.634,1.055,2.308,3.747,0.895,2.536,3.608,5.973,1.833,1.774,1.132,4.832,8.526,8.353,2.97,25.853,6.713,24.477,2,0,466.706,30,0,0,0,0,61,36,66.737,169.479,176.213,183.594,190.644,197.43,206.586,214.499,222.124,229.69,237.41,246.519,253.32,260.336,268.641,278.414,285.805,294.309,304.093,316.145,324.205,331.93,339.324,350.127,364.79,379.42,388.339,420.591,433.371,466.706,1,1,1,1,1,1,1,1,1,1,1,1,1,1,1,1,1,1,1,1,1,1,1,1,1,1,1,1,1,1,0,0,0,0,0,0,0,0,0,0,0,0,0,0,0,0,0,0,0,0,0,0,0,0,0,0,0,0,0,0,66.737,169.479,176.213,183.594,190.644,197.43,206.586,214.499,222.124,229.69,237.41,246.519,253.32,260.336,268.641,278.414,285.805,294.309,304.093,316.145,324.205,331.93,339.324,350.127,364.79,379.42,388.339,420.591,433.371,466.706,,,,
EnF118m6,11_13     ,m, VAChT^En1-Cre-flox/flox,VAChT^En1-Cre-flox/flox,OK_En1CreVAChTfx_Extinction,Single-housed,Diurnal light cycle,Dr. Marco Prado - Robarts Research Institute - Ornela-Kljakic,Extinction_Training,,,Extinction Touch - Helena - DP,EXTINCTION TRAIN,30,750,2015-08-17 1:56:57 PM,29.419,14.854,27.499,,,,,,,,,34.473,1.025,74.374,11.627,0.874,4.653,10.841,1.436,3.018,1.814,0.821,1.015,0.537,0.675,1.19,1.115,1.562,1.433,2.693,2.695,23.218,1.292,3.76,3.255,1.733,1.793,3.146,2.085,2.833,58.511,11.563,5.956,1.205,1.07,1.046,1.053,1.127,1.218,1.432,1.117,1.154,1.23,1.399,1.196,0.948,1.687,1.07,1.08,1.175,0.967,1.253,1.321,1.437,1.066,1.431,1.109,1.13,1.756,1.089,1.93,34.473,1.025,74.374,11.627,0.874,4.653,10.841,1.436,3.018,1.814,0.821,1.015,0.537,0.675,1.19,1.115,1.562,1.433,2.693,2.695,23.218,1.292,3.76,3.255,1.733,1.793,3.146,2.085,2.833,58.511,11,0,467.579,30,0,0,0,47,51,49,56.067,68.051,148.632,166.332,173.255,183.963,201.69,209.345,218.798,226.739,233.717,240.964,247.903,254.776,261.915,269.72,277.354,284.869,293.74,302.404,331.878,339.494,349.693,359.017,367.184,375.088,384.367,393.21,402.135,467.579,1,1,1,1,1,1,1,1,1,1,1,1,1,1,1,1,1,1,1,1,1,1,1,1,1,1,1,1,1,1,0,0,0,0,0,0,0,0,0,0,0,0,0,0,0,0,0,0,0,0,0,0,0,0,0,0,0,0,0,0,56.067,68.051,148.632,166.332,173.255,183.963,201.69,209.345,218.798,226.739,233.717,240.964,247.903,254.776,261.915,269.72,277.354,284.869,293.74,302.404,331.878,339.494,349.693,359.017,367.184,375.088,384.367,393.21,402.135,467.579,,,,
EnF119m5,11_13     ,m,VAChT^flox/flox,VAChT^En1-Cre-flox/flox,OK_En1CreVAChTfx_Extinction,Single-housed,Diurnal light cycle,Dr. Marco Prado - Robarts Research Institute - Ornela-Kljakic,Extinction_Training,,,Extinction Touch - Helena - DP,EXTINCTION TRAIN,30,750,2015-08-14 2:27:35 PM,5.079,6.204,4.263,1.858,,,,,,,,44.109,6.504,6.351,14.305,10.524,1.088,11.538,1.453,1.016,1.38,1.144,0.733,1.037,3.234,9.556,1.645,2.337,0.766,1.863,1.471,1.097,1.779,3.607,1.496,0.532,0.945,0.703,0.793,1.851,2.074,0.786,1.352,0.985,0.912,1.294,0.995,0.937,1.017,0.893,1.322,0.819,1.243,0.983,1.313,0.848,0.891,0.883,1.244,0.852,0.934,1.627,1.277,0.854,0.951,1.058,1.224,0.925,0.9,0.916,0.883,44.109,6.504,6.351,14.305,10.524,1.088,11.538,1.453,1.016,1.38,1.144,0.733,1.037,3.234,9.556,1.645,2.337,0.766,1.863,1.471,1.097,1.779,3.607,1.496,0.532,0.945,0.703,0.793,1.851,2.074,7,0,323.263,30,0,0,0,54,140,53,55.026,67.885,80.223,100.442,117.261,124.372,141.849,149.32,156.23,163.934,170.905,177.882,184.905,194.453,209.859,217.396,225.617,232.628,240.344,247.752,255.478,263.535,272.997,280.447,287.039,294.211,300.842,307.536,315.304,323.263,1,1,1,1,1,1,1,1,1,1,1,1,1,1,1,1,1,1,1,1,1,1,1,1,1,1,1,1,1,1,0,0,0,0,0,0,0,0,0,0,0,0,0,0,0,0,0,0,0,0,0,0,0,0,0,0,0,0,0,0,55.026,67.885,80.223,100.442,117.261,124.372,141.849,149.32,156.23,163.934,170.905,177.882,184.905,194.453,209.859,217.396,225.617,232.628,240.344,247.752,255.478,263.535,272.997,280.447,287.039,294.211,300.842,307.536,315.304,323.263,,,,
EnF119m5,11_13     ,m,VAChT^flox/flox,VAChT^En1-Cre-flox/flox,OK_En1CreVAChTfx_Extinction,Single-housed,Diurnal light cycle,Dr. Marco Prado - Robarts Research Institute - Ornela-Kljakic,Extinction_Training,,,Extinction Touch - Helena - DP,EXTINCTION TRAIN,30,750,2015-08-13 3:04:26 PM,30.259,1.193,,,,,,,,,,63.927,7.768,2.553,1.494,4.813,0.678,3.589,4.822,6.909,14.479,2.633,4.129,5.31,0.793,2.493,1.683,1.493,3.472,2.338,4.55,3.709,1.712,0.653,3.623,0.741,1.456,8.464,0.715,0.916,1.394,1.015,0.841,0.8,0.83,1.193,0.978,0.833,1.04,1.918,0.809,0.87,1.086,1.49,0.821,0.971,1.022,0.802,0.851,0.959,0.882,1.041,1.305,0.794,1.535,0.875,0.852,1.005,0.817,0.914,0.832,63.927,7.768,2.553,1.494,4.813,0.678,3.589,4.822,6.909,14.479,2.633,4.129,5.31,0.793,2.493,1.683,1.493,3.472,2.338,4.55,3.709,1.712,0.653,3.623,0.741,1.456,8.464,0.715,0.916,1.394,12,1,348.467,30,5,0,2,63,123,52,75.062,88.672,97.028,104.354,115.361,122.02,131.443,142.307,156.136,176.425,184.929,195.145,206.946,213.563,222.03,229.736,237.034,246.359,254.658,265.092,274.843,282.862,289.311,299.47,306.089,313.399,327.869,334.405,341.238,348.467,1,1,1,1,1,1,1,1,1,1,1,1,1,1,1,1,1,1,1,1,1,1,1,1,1,1,1,1,1,1,0,0,0,0,0,0,0,0,0,0,0,0,0,0,0,0,0,0,0,0,0,0,0,0,0,0,0,0,0,0,75.062,88.672,97.028,104.354,115.361,122.02,131.443,142.307,156.136,176.425,184.929,195.145,206.946,213.563,222.03,229.736,237.034,246.359,254.658,265.092,274.843,282.862,289.311,299.47,306.089,313.399,327.869,334.405,341.238,348.467,,,,
